[
    {
        "intrebare": "Ce înseamnă HTML?",
        "optiuni": [
            "HyperText Markup Language",
            "Hyperlink and Text Management Language",
            "High-level Text Management Layout"
        ],
        "raspuns_corect": 0
    },
    {
        "intrebare": "Care este elementul de bază în HTML pentru crearea unui paragraf?",
        "optiuni": [
            "<‎p‎>",
            "<‎para‎>",
            "<‎text‎>"
        ],
        "raspuns_corect": 0
    },
    {
        "intrebare": "Care dintre următoarele etichete HTML este folosită pentru a crea un link?",
        "optiuni": [
            "<‎a‎>",
            "<‎link‎>",
            "<‎href‎>"
        ],
        "raspuns_corect": 0
    },
    {
        "intrebare": "Ce etichetă HTML este folosită pentru a adăuga o imagine?",
        "optiuni": [
            "<‎img‎>",
            "<‎picture‎>",
            "<‎image‎>"
        ],
        "raspuns_corect": 0
    },
    {
        "intrebare": "Care atribut trebuie utilizat pentru a specifica adresa unei imagini într-o etichetă <‎img‎>?",
        "optiuni": [
            "src",
            "href",
            "link"
        ],
        "raspuns_corect": 0
    },
    {
        "intrebare": "Ce etichetă HTML definește cel mai mare titlu?",
        "optiuni": [
            "<‎h1‎>",
            "<‎h6‎>",
            "<‎header‎>"
        ],
        "raspuns_corect": 0
    },
    {
        "intrebare": "Ce element HTML este folosit pentru a crea o listă ordonată?",
        "optiuni": [
            "<‎ol‎>",
            "<‎ul‎>",
            "<‎list‎>"
        ],
        "raspuns_corect": 0
    },
    {
        "intrebare": "Ce etichetă HTML este folosită pentru a introduce o linie orizontală?",
        "optiuni": [
            "<‎hr‎>",
            "<‎line‎>",
            "<‎break‎>"
        ],
        "raspuns_corect": 0
    },
    {
        "intrebare": "Care este eticheta corectă pentru a crea un tabel în HTML?",
        "optiuni": [
            "<‎table‎>",
            "<‎tab‎>",
            "<‎t‎>"
        ],
        "raspuns_corect": 0
    },
    {
        "intrebare": "Care atribut al etichetei <‎input‎> este folosit pentru a crea un câmp de introducere a parolei?",
        "optiuni": [
            "type='password'",
            "input='secure'",
            "formtype='password'"
        ],
        "raspuns_corect": 0
    },
    {
        "intrebare": "Care dintre următoarele elemente HTML este folosit pentru a include un fișier CSS?",
        "optiuni": [
            "<‎link‎>",
            "<‎style‎>",
            "<‎css‎>"
        ],
        "raspuns_corect": 0
    },
    {
        "intrebare": "Ce etichetă HTML este folosită pentru a defini o secțiune de navigare?",
        "optiuni": [
            "<‎nav‎>",
            "<‎navigate‎>",
            "<‎menu‎>"
        ],
        "raspuns_corect": 0
    },
    {
        "intrebare": "Ce atribut este folosit pentru a specifica un ID unic pentru un element HTML?",
        "optiuni": [
            "id",
            "class",
            "name"
        ],
        "raspuns_corect": 0
    },
    {
        "intrebare": "Care etichetă HTML este folosită pentru a adăuga un videoclip?",
        "optiuni": [
            "<‎video‎>",
            "<‎media‎>",
            "<‎vid‎>"
        ],
        "raspuns_corect": 0
    },
    {
        "intrebare": "Cum poți comenta un fragment de cod HTML?",
        "optiuni": [
            "<‎!-- Acesta este un comentariu --‎>",
            "// Acesta este un comentariu",
            "/* Acesta este un comentariu */"
        ],
        "raspuns_corect": 0
    },

    {
        "intrebare": "Ce element HTML este folosit pentru a defini o celulă într-un tabel?",
        "optiuni": [
            "<‎td‎>",
            "<‎tr‎>",
            "<‎table‎>"
        ],
        "raspuns_corect": 0
    },
    {
        "intrebare": "Ce atribut al etichetei <‎a‎> este folosit pentru a deschide un link într-o fereastră nouă?",
        "optiuni": [
            "target='_blank'",
            "open='new'",
            "window='new'"
        ],
        "raspuns_corect": 0
    },
    {
        "intrebare": "Ce etichetă HTML definește un container divizibil folosit pentru gruparea elementelor?",
        "optiuni": [
            "<‎div‎>",
            "<‎span‎>",
            "<‎container‎>"
        ],
        "raspuns_corect": 0
    },
    {
        "intrebare": "Ce element HTML este folosit pentru a introduce o linie de cod într-un document?",
        "optiuni": [
            "<‎code‎>",
            "<‎pre‎>",
            "<‎script‎>"
        ],
        "raspuns_corect": 0
    },
    {
        "intrebare": "Ce etichetă HTML definește conținut important evidențiat?",
        "optiuni": [
            "<‎strong‎>",
            "<‎bold‎>",
            "<‎b‎>"
        ],
        "raspuns_corect": 0
    },
    {
        "intrebare": "Care dintre următoarele etichete HTML este folosită pentru a afișa o bară de progres?",
        "optiuni": [
            "<‎progress‎>",
            "<‎meter‎>",
            "<‎bar‎>"
        ],
        "raspuns_corect": 0
    },
    {
        "intrebare": "Ce atribut HTML este utilizat pentru a specifica un text alternativ pentru imagini?",
        "optiuni": [
            "alt",
            "title",
            "description"
        ],
        "raspuns_corect": 0
    },
    {
        "intrebare": "Ce element HTML este utilizat pentru a crea un câmp de selecție dropdown?",
        "optiuni": [
            "<‎select‎>",
            "<‎option‎>",
            "<‎dropdown‎>"
        ],
        "raspuns_corect": 0
    },
    {
        "intrebare": "Ce element HTML este utilizat pentru a include un fișier audio pe o pagină web?",
        "optiuni": [
            "<‎audio‎>",
            "<‎sound‎>",
            "<‎media‎>"
        ],
        "raspuns_corect": 0
    },
    {
        "intrebare": "Care dintre următoarele este un element HTML5 pentru introducerea de date?",
        "optiuni": [
            "<‎in‎put‎>",
            "<‎e‎nter‎>",
            "<‎s‎ubmit‎>"
        ],
        "raspuns_corect": 0
    },
    {
        "intrebare": "Ce element HTML este folosit pentru a încorpora un alt document HTML într-un document existent?",
        "optiuni": [
            "<‎ifr‎ame‎>",
            "<‎emb‎ed‎>",
            "<‎fra‎me‎>"
        ],
        "raspuns_corect": 0
    },
    {
        "intrebare": "Ce atribut HTML poate fi folosit pentru a specifica o valoare implicită într-un câmp de input?",
        "optiuni": [
            "value",
            "default",
            "placeholder"
        ],
        "raspuns_corect": 0
    },
    {
        "intrebare": "Care dintre următoarele etichete este folosită pentru a adăuga o descriere unui tabel?",
        "optiuni": [
            "<‎caption‎>",
            "<‎describe‎>",
            "<‎summary‎>"
        ],
        "raspuns_corect": 0
    },
    {
        "intrebare": "Ce element HTML este folosit pentru a defini o zonă de contact sau informații suplimentare?",
        "optiuni": [
            "<‎footer‎>",
            "<‎aside‎>",
            "<‎section‎>"
        ],
        "raspuns_corect": 0
    },
    {
        "intrebare": "Ce etichetă HTML este utilizată pentru a defini o casetă interactivă de dialog?",
        "optiuni": [
            "<‎dialog‎>",
            "<‎window‎>",
            "<‎popup‎>"
        ],
        "raspuns_corect": 0
    },


{
        "intrebare": "Ce este CSS și care este rolul său?",
        "optiuni": [
            "CSS (Cascading Style Sheets) este utilizat pentru a stiliza și aranja elementele HTML pe o pagină web.",
            "CSS este un limbaj de programare pentru manipularea bazelor de date.",
            "CSS este o tehnologie de server folosită pentru gestionarea fișierelor."
        ],
        "raspuns_corect": 0
    },
    {
        "intrebare": "Care este diferența dintre id și class în CSS?",
        "optiuni": [
            "Un id este unic și poate fi folosit o singură dată pe pagină, în timp ce o classă poate fi aplicată mai multor elemente.",
            "O clasă este utilizată doar pentru JavaScript, iar id-ul doar pentru CSS.",
            "Nu există nicio diferență, ambele sunt folosite pentru același scop."
        ],
        "raspuns_corect": 0
    },
    {
        "intrebare": "Cum se poate include un fișier CSS extern într-un document HTML?",
        "optiuni": [
            "<‎link rel='stylesheet' href='style.css'‎>",
            "<‎style src='style.css'‎>",
            "<‎css file='style.css'‎>"
        ],
        "raspuns_corect": 0
    },
    {
        "intrebare": "Ce proprietate CSS este folosită pentru a face un element flexibil și a permite alinierea acestuia?",
        "optiuni": [
            "display: flex;",
            "position: absolute;",
            "float: left;"
        ],
        "raspuns_corect": 0
    },
    {
        "intrebare": "Care dintre următoarele este un avantaj al utilizării Flexbox în CSS?",
        "optiuni": [
            "Permite aranjarea elementelor într-un mod mai intuitiv și dinamic.",
            "Reduce dimensiunea fișierelor CSS.",
            "Este folosit exclusiv pentru animații."
        ],
        "raspuns_corect": 0
    },
    {
        "intrebare": "Ce este JavaScript?",
        "optiuni": [
            "Un limbaj de programare utilizat pentru a adăuga interactivitate pe paginile web.",
            "Un stil de aranjare a elementelor HTML.",
            "Un sistem de baze de date pentru stocarea datelor utilizatorilor."
        ],
        "raspuns_corect": 0
    },
    {
        "intrebare": "Cum se poate declara o variabilă în JavaScript?",
        "optiuni": [
            "let numeVariabila;",
            "variable numeVariabila;",
            "var = numeVariabila;"
        ],
        "raspuns_corect": 0
    },
    {
        "intrebare": "Care este diferența dintre == și === în JavaScript?",
        "optiuni": [
            "=== compară atât valoarea, cât și tipul de date, în timp ce == doar valoarea.",
            "== este folosit doar în variabile, iar === doar în funcții.",
            "Nu există nicio diferență între ele."
        ],
        "raspuns_corect": 0
    },
    {
        "intrebare": "Ce metodă JavaScript este utilizată pentru a selecta un element HTML după id?",
        "optiuni": [
            "document.getElementById('idElement');",
            "document.querySelectorAll('idElement');",
            "document.getElementsByClassName('idElement');"
        ],
        "raspuns_corect": 0
    },
    {
        "intrebare": "Ce este un API?",
        "optiuni": [
            "Application Programming Interface - un set de reguli care permit comunicarea între software-uri.",
            "Un limbaj de programare pentru bazele de date.",
            "Un framework JavaScript pentru dezvoltare rapidă."
        ],
        "raspuns_corect": 0
    },
    {
        "intrebare": "Ce metodă este utilizată pentru a face o cerere HTTP GET în JavaScript?",
        "optiuni": [
            "fetch('https://example.com/data');",
            "http.get('https://example.com/data');",
            "ajax.request('GET', 'https://example.com/data');"
        ],
        "raspuns_corect": 0
    },
    {
        "intrebare": "Ce este un JSON?",
        "optiuni": [
            "JavaScript Object Notation - un format de schimb de date ușor de utilizat.",
            "O metodă de stocare a fișierelor HTML.",
            "Un framework CSS pentru stilizarea paginilor web."
        ],
        "raspuns_corect": 0
    },
    {
        "intrebare": "Ce este un Wireframe?",
        "optiuni": [
            "Un schelet vizual al unei pagini web, utilizat pentru planificare și design.",
            "O metodă de optimizare a JavaScript-ului.",
            "Un tip de bază de date pentru stocarea layout-urilor."
        ],
        "raspuns_corect": 0
    },
    {
        "intrebare": "Care este scopul unui framework CSS, cum ar fi Bootstrap?",
        "optiuni": [
            "Simplificarea dezvoltării interfețelor responsive și adaptabile.",
            "Îmbunătățirea vitezei JavaScript.",
            "Optimizarea securității bazelor de date."
        ],
        "raspuns_corect": 0
    },
    {
        "intrebare": "Ce este o interfață utilizator (UI)?",
        "optiuni": [
            "Modul în care utilizatorii interacționează cu un software sau o aplicație.",
            "Un algoritm de securitate pentru criptarea datelor.",
            "O metodă de optimizare a vitezei serverelor web."
        ],
        "raspuns_corect": 0
    },
    {
        "intrebare": "Ce reprezintă termenul UX?",
        "optiuni": [
            "User Experience - experiența generală a utilizatorului cu un produs digital.",
            "Universal Execution - un standard de codare global.",
            "User Extension - o metodă de personalizare a interfețelor web."
        ],
        "raspuns_corect": 0
    },
    {
        "intrebare": "Ce este o Media Query în CSS?",
        "optiuni": [
            "O tehnică folosită pentru a face paginile web responsive.",
            "Un tip de interogare SQL pentru baze de date media.",
            "Un framework JavaScript pentru manipularea conținutului multimedia."
        ],
        "raspuns_corect": 0
    },
    {
        "intrebare": "Care dintre următoarele NU este un framework JavaScript?",
        "optiuni": [
            "Django.",
            "React.",
            "Vue.js."
        ],
        "raspuns_corect": 0
    },
    {
        "intrebare": "Ce proprietate CSS este utilizată pentru a face un element fix pe ecran chiar și atunci când utilizatorul derulează pagina?",
        "optiuni": [
            "position: fixed;",
            "position: relative;",
            "position: absolute;"
        ],
        "raspuns_corect": 0
    },

        {
        "intrebare": "Ce este DOM în JavaScript?",
        "optiuni": [
            "Document Object Model - o reprezentare a structurii HTML în memorie.",
            "O bază de date utilizată pentru stocarea documentelor web.",
            "Un framework JavaScript pentru manipularea CSS."
        ],
        "raspuns_corect": 0
    },
    {
        "intrebare": "Cum se poate selecta primul element <‎p‎> dintr-un document HTML folosind JavaScript?",
        "optiuni": [
            "document.querySelector('p');",
            "document.getElementByTagName('p');",
            "document.findElement('p');"
        ],
        "raspuns_corect": 0
    },
    {
        "intrebare": "Ce reprezintă AJAX?",
        "optiuni": [
            "Asynchronous JavaScript and XML - o tehnologie pentru trimiterea de cereri HTTP fără reîncărcarea paginii.",
            "Un framework de testare JavaScript.",
            "Un tip de bază de date NoSQL."
        ],
        "raspuns_corect": 0
    },
    {
        "intrebare": "Care este diferența dintre localStorage și sessionStorage?",
        "optiuni": [
            "localStorage păstrează datele permanent, în timp ce sessionStorage le șterge când închidem browserul.",
            "sessionStorage este mai sigur decât localStorage.",
            "Nu există nicio diferență între ele."
        ],
        "raspuns_corect": 0
    },
    {
        "intrebare": "Ce metodă este utilizată pentru a converti un obiect JavaScript într-un string JSON?",
        "optiuni": [
            "JSON.stringify(obj);",
            "JSON.parse(obj);",
            "obj.toJsonString();"
        ],
        "raspuns_corect": 0
    },
    {
        "intrebare": "Ce reprezintă REST API?",
        "optiuni": [
            "Un stil arhitectural pentru dezvoltarea serviciilor web care folosește metode HTTP.",
            "O bază de date relațională utilizată pentru stocarea informațiilor API.",
            "Un framework JavaScript pentru dezvoltarea rapidă a interfețelor utilizator."
        ],
        "raspuns_corect": 0
    },
    {
        "intrebare": "Ce metodă HTTP este utilizată pentru a trimite date către un server fără a fi vizibile în URL?",
        "optiuni": [
            "POST",
            "GET",
            "DELETE"
        ],
        "raspuns_corect": 0
    },
    {
        "intrebare": "Cum poți trata erorile într-o solicitare fetch() în JavaScript?",
        "optiuni": [
            "Utilizând blocurile .then() și .catch().",
            "Doar folosind console.log().",
            "Nu este nevoie de gestionarea erorilor, deoarece fetch() nu generează erori."
        ],
        "raspuns_corect": 0
    },
    {
        "intrebare": "Ce este un Token JWT?",
        "optiuni": [
            "JSON Web Token - un mecanism pentru autentificarea securizată a utilizatorilor.",
            "Un framework de securitate pentru aplicații web.",
            "O metodă de criptare pentru bazele de date."
        ],
        "raspuns_corect": 0
    },
    {
        "intrebare": "Cum poate fi prevenit atacul XSS într-o aplicație web?",
        "optiuni": [
            "Sanitizarea și validarea datelor introduse de utilizatori.",
            "Salvarea tuturor datelor utilizatorului în cookies.",
            "Dezactivarea JavaScript-ului în browser."
        ],
        "raspuns_corect": 0
    },
    {
        "intrebare": "Ce reprezintă CORS în contextul aplicațiilor web?",
        "optiuni": [
            "Cross-Origin Resource Sharing - o politică care permite sau restricționează accesul resurselor între domenii diferite.",
            "O metodă de criptare a cererilor API.",
            "Un tip de bază de date utilizat pentru autentificare."
        ],
        "raspuns_corect": 0
    },
    {
        "intrebare": "Cum poate fi stilizat un element HTML utilizând JavaScript?",
        "optiuni": [
            "document.getElementById('element').style.color = 'red';",
            "document.getElementById('element').setCSS('color', 'red');",
            "document.getElementById('element').applyStyle('color', 'red');"
        ],
        "raspuns_corect": 0
    },
    {
        "intrebare": "Ce reprezintă CSS Grid?",
        "optiuni": [
            "Un sistem de aranjare a elementelor într-o pagină web folosind rânduri și coloane.",
            "Un framework JavaScript pentru crearea interfețelor responsive.",
            "Un API folosit pentru manipularea bazelor de date."
        ],
        "raspuns_corect": 0
    },
    {
        "intrebare": "Ce este un Service Worker în JavaScript?",
        "optiuni": [
            "Un script care rulează în fundal pentru a îmbunătăți performanța și funcționalitățile offline ale unei aplicații web.",
            "Un API pentru trimiterea de email-uri dintr-o aplicație web.",
            "Un tip de framework utilizat pentru crearea de interfețe utilizator."
        ],
        "raspuns_corect": 0
    },
    {
        "intrebare": "Care este diferența dintre synchronous și asynchronous JavaScript?",
        "optiuni": [
            "Synchronous JavaScript rulează secvențial, în timp ce asynchronous permite execuția în fundal fără a bloca firul principal.",
            "Asynchronous JavaScript este mai rapid decât synchronous JavaScript.",
            "Nu există nicio diferență între ele."
        ],
        "raspuns_corect": 0
    },
    {
        "intrebare": "Ce înseamnă SPA (Single Page Application)?",
        "optiuni": [
            "O aplicație web care încarcă o singură pagină și utilizează JavaScript pentru a modifica conținutul dinamic.",
            "Un tip de bază de date utilizat pentru autentificare.",
            "O metodă de optimizare SEO pentru paginile web."
        ],
        "raspuns_corect": 0
    },
    {
        "intrebare": "Ce framework JavaScript este utilizat cel mai frecvent pentru dezvoltarea de aplicații frontend?",
        "optiuni": [
            "React.js",
            "Django",
            "Laravel"
        ],
        "raspuns_corect": 0
    },
    {
        "intrebare": "Ce este un Wireframe în design UI/UX?",
        "optiuni": [
            "Un schelet vizual al unei pagini web care ajută la planificarea designului.",
            "O metodă de securitate pentru aplicațiile web.",
            "Un limbaj de programare utilizat pentru stilizarea paginilor."
        ],
        "raspuns_corect": 0
    },


   {
        "intrebare": "Care este rolul atributului 'alt' în eticheta <‎img‎>?",
        "optiuni": [
            "Oferă o descriere a imaginii pentru accesibilitate și SEO.",
            "Setează dimensiunea imaginii în pixeli.",
            "Face ca imaginea să fie interactivă."
        ],
        "raspuns_corect": 0
    },
    {
        "intrebare": "Ce metodă CSS este utilizată pentru a transforma un element inline într-un block element?",
        "optiuni": [
            "display: block;",
            "visibility: visible;",
            "position: absolute;"
        ],
        "raspuns_corect": 0
    },
    {
        "intrebare": "Cum poate fi inclus un script JavaScript extern într-un document HTML?",
        "optiuni": [
            "<‎script src='script.js'‎><‎/script‎>",
            "<‎js file='script.js'‎><‎/js‎>",
            "<‎script href='script.js'‎><‎/script‎>"
        ],
        "raspuns_corect": 0
    },
    {
        "intrebare": "Ce proprietate CSS este utilizată pentru a face o imagine responsive?",
        "optiuni": [
            "max-width: 100%;",
            "height: auto;",
            "display: flex;"
        ],
        "raspuns_corect": 0
    },
    {
        "intrebare": "Ce este 'hoisting' în JavaScript?",
        "optiuni": [
            "Mecanismul prin care declarațiile de variabile și funcții sunt mutate la începutul scopului lor.",
            "O metodă de optimizare pentru încărcarea imaginilor.",
            "O tehnică pentru a preveni atacurile CSRF."
        ],
        "raspuns_corect": 0
    },
    {
        "intrebare": "Cum se poate preveni reîncărcarea paginii la trimiterea unui formular?",
        "optiuni": [
            "Prin utilizarea event.preventDefault() în JavaScript.",
            "Prin setarea atributului action='none' în formular.",
            "Prin utilizarea metodei HTTP DELETE."
        ],
        "raspuns_corect": 0
    },
    {
        "intrebare": "Care este diferența dintre var, let și const în JavaScript?",
        "optiuni": [
            "let și const au un scop de bloc, în timp ce var are un scop de funcție.",
            "Nu există nicio diferență între ele.",
            "const permite modificarea valorii, în timp ce let și var nu."
        ],
        "raspuns_corect": 0
    },
    {
        "intrebare": "Ce rol are metoda 'map()' în JavaScript?",
        "optiuni": [
            "Creează un nou array prin aplicarea unei funcții fiecărui element al array-ului inițial.",
            "Returnează primul element care îndeplinește o condiție.",
            "Elimină un element din array."
        ],
        "raspuns_corect": 0
    },
    {
        "intrebare": "Ce este un event listener în JavaScript?",
        "optiuni": [
            "O metodă care permite detectarea și gestionarea evenimentelor.",
            "O funcție care încarcă date dintr-un API.",
            "O tehnică de securitate pentru protecția împotriva atacurilor XSS."
        ],
        "raspuns_corect": 0
    },
    {
        "intrebare": "Cum poate fi testată o aplicație API REST?",
        "optiuni": [
            "Utilizând Postman sau fetch() în JavaScript.",
            "Folosind exclusiv browser-ul.",
            "Scriind un script CSS."
        ],
        "raspuns_corect": 0
    },
    {
        "intrebare": "Care este scopul unei funcții callback în JavaScript?",
        "optiuni": [
            "Permite executarea unui cod după ce o altă funcție s-a terminat.",
            "Blochează execuția codului pentru a aștepta un răspuns.",
            "Îmbunătățește viteza de execuție a scripturilor."
        ],
        "raspuns_corect": 0
    },
    {
        "intrebare": "Ce este OAuth?",
        "optiuni": [
            "Un protocol pentru autentificarea și autorizarea utilizatorilor pe aplicații web.",
            "Un framework JavaScript pentru dezvoltarea UI/UX.",
            "Un format de bază de date utilizat pentru stocarea sesiunilor."
        ],
        "raspuns_corect": 0
    },
    {
        "intrebare": "Cum poate fi prevenit un atac CSRF într-o aplicație web?",
        "optiuni": [
            "Prin utilizarea token-urilor CSRF pentru verificarea autenticității cererilor.",
            "Salvând datele utilizatorului în cookies nesecurizate.",
            "Utilizând fetch() pentru a bloca cererile externe."
        ],
        "raspuns_corect": 0
    },
    {
        "intrebare": "Care este diferența dintre API REST și GraphQL?",
        "optiuni": [
            "REST API oferă un set fix de endpoint-uri, în timp ce GraphQL permite interogări personalizate.",
            "GraphQL este o tehnologie mai veche decât REST.",
            "REST API poate returna doar date în format XML, în timp ce GraphQL folosește JSON."
        ],
        "raspuns_corect": 0
    },
    {
        "intrebare": "Ce reprezintă termenul 'Mobile First' în dezvoltarea web?",
        "optiuni": [
            "O strategie de design în care aplicațiile sunt construite mai întâi pentru dispozitive mobile și apoi pentru desktop.",
            "O tehnică pentru optimizarea performanței pe desktop.",
            "Un framework CSS pentru dispozitive mobile."
        ],
        "raspuns_corect": 0
    },
    {
        "intrebare": "Ce este un Progressive Web App (PWA)?",
        "optiuni": [
            "O aplicație web care poate funcționa offline și oferă o experiență similară aplicațiilor native.",
            "Un framework pentru dezvoltarea aplicațiilor desktop.",
            "O metodă de protejare a conținutului web împotriva atacurilor."
        ],
        "raspuns_corect": 0
    },
    {
        "intrebare": "Ce este un CDN (Content Delivery Network)?",
        "optiuni": [
            "O rețea de servere distribuite geografic care optimizează livrarea conținutului web.",
            "O metodă de autentificare pentru aplicațiile web.",
            "Un sistem de gestionare a bazelor de date online."
        ],
        "raspuns_corect": 0
    },
    {
        "intrebare": "Ce este un WebSocket?",
        "optiuni": [
            "Un protocol care permite comunicarea bidirecțională între client și server în timp real.",
            "Un API pentru accesarea bazelor de date din browser.",
            "O tehnică pentru crearea de efecte CSS animate."
        ],
        "raspuns_corect": 0
    },
    {
        "intrebare": "Ce metodă JavaScript este utilizată pentru a converti o promisiune într-o operațiune sincronă?",
        "optiuni": [
            "async/await",
            ".then()",
            "setTimeout()"
        ],
        "raspuns_corect": 0
    },


   {
        "intrebare": "Ce este un microserviciu într-o arhitectură web?",
        "optiuni": [
            "O componentă software independentă care îndeplinește o funcționalitate specifică și poate comunica cu alte microservicii.",
            "Un plugin pentru optimizarea interfețelor utilizator.",
            "Un format JSON folosit pentru schimbul de date între server și client."
        ],
        "raspuns_corect": 0
    },
    {
        "intrebare": "Care este rolul unui reverse proxy într-o arhitectură web?",
        "optiuni": [
            "Intermediază cererile dintre client și server, îmbunătățind securitatea și performanța.",
            "Este utilizat pentru a înlocui un API REST cu un API GraphQL.",
            "Este un standard de autentificare utilizat în OAuth 2.0."
        ],
        "raspuns_corect": 0
    },
    {
        "intrebare": "Ce reprezintă 'Rate Limiting' într-un API?",
        "optiuni": [
            "O tehnică de limitare a numărului de cereri pe care un client le poate face într-un interval de timp definit.",
            "O metodă de creștere a vitezei de răspuns a serverului API.",
            "Un mecanism de cache utilizat pentru reducerea timpului de răspuns al API-urilor."
        ],
        "raspuns_corect": 0
    },
    {
        "intrebare": "Care este diferența dintre SOAP și REST API?",
        "optiuni": [
            "SOAP este un protocol bazat pe XML care oferă securitate avansată, în timp ce REST este un stil arhitectural flexibil care folosește metode HTTP.",
            "REST API este mai lent decât SOAP API.",
            "SOAP este utilizat doar pentru API-urile frontend, în timp ce REST este utilizat pentru backend."
        ],
        "raspuns_corect": 0
    },
    {
        "intrebare": "Ce este un WebAssembly (WASM)?",
        "optiuni": [
            "Un format binar care permite rularea codului la viteze aproape native în browserele web.",
            "Un protocol de securitate utilizat pentru protejarea API-urilor.",
            "Un framework CSS pentru dezvoltarea interfețelor web responsive."
        ],
        "raspuns_corect": 0
    },
    {
        "intrebare": "Cum poate fi optimizată performanța unei aplicații web care utilizează multe resurse?",
        "optiuni": [
            "Utilizarea tehnicilor de lazy loading, minificarea fișierelor și implementarea unui CDN.",
            "Reducerea numărului de etichete HTML utilizate în pagină.",
            "Stocarea tuturor fișierelor CSS și JavaScript în baza de date."
        ],
        "raspuns_corect": 0
    },
    {
        "intrebare": "Ce este un Service Mesh într-o arhitectură microservicii?",
        "optiuni": [
            "O infrastructură dedicată care gestionează comunicarea dintre microservicii într-un sistem distribuit.",
            "O metodă de criptare a traficului între server și client.",
            "Un framework JavaScript utilizat pentru gestionarea stării aplicației."
        ],
        "raspuns_corect": 0
    },
    {
        "intrebare": "Ce reprezintă termenul 'API Gateway'?",
        "optiuni": [
            "Un punct unic de intrare pentru toate cererile API, care gestionează autentificarea, rate limiting și rutarea cererilor.",
            "Un framework utilizat pentru gestionarea interfeței utilizator.",
            "O metodă de încărcare asincronă a fișierelor CSS într-o aplicație web."
        ],
        "raspuns_corect": 0
    },
    {
        "intrebare": "Ce rol are Content Security Policy (CSP) într-o aplicație web?",
        "optiuni": [
            "Previne atacurile XSS și alte tipuri de atacuri prin restricționarea surselor de conținut care pot fi încărcate.",
            "Permite accesarea API-urilor REST din orice sursă externă.",
            "Optimizează viteza de încărcare a fișierelor CSS și JavaScript."
        ],
        "raspuns_corect": 0
    },
    {
        "intrebare": "Cum funcționează un Progressive Web App (PWA)?",
        "optiuni": [
            "Utilizează Service Workers pentru a permite funcționarea offline și notificări push.",
            "Este un framework pentru dezvoltarea interfețelor web responsive.",
            "Un API pentru integrarea aplicațiilor web cu dispozitivele mobile."
        ],
        "raspuns_corect": 0
    },
    {
        "intrebare": "Ce este un Headless CMS?",
        "optiuni": [
            "Un sistem de gestionare a conținutului care oferă doar backend-ul și permite personalizarea frontend-ului prin API-uri.",
            "Un framework CSS utilizat pentru dezvoltarea interfețelor mobile.",
            "Un sistem de baze de date NoSQL utilizat pentru gestionarea conținutului web."
        ],
        "raspuns_corect": 0
    },
    {
        "intrebare": "Ce este un JWT Refresh Token?",
        "optiuni": [
            "Un token folosit pentru a obține un nou token de acces fără a cere utilizatorului să se autentifice din nou.",
            "Un cookie care stochează datele utilizatorului în browser.",
            "Un script JavaScript utilizat pentru a încărca date dintr-un API REST."
        ],
        "raspuns_corect": 0
    },
    {
        "intrebare": "Ce reprezintă termenul 'Shadow DOM' în dezvoltarea web?",
        "optiuni": [
            "O metodă care permite crearea de componente web cu stiluri și scripturi izolate de restul paginii.",
            "O tehnică de optimizare SEO pentru aplicațiile web.",
            "Un mecanism de caching pentru API-uri REST."
        ],
        "raspuns_corect": 0
    },
    {
        "intrebare": "Ce este un SSR (Server-Side Rendering)?",
        "optiuni": [
            "O tehnică de randare a paginilor web pe server înainte de a fi trimise către browser, îmbunătățind performanța și SEO.",
            "Un sistem de gestionare a statului într-o aplicație web.",
            "Un framework pentru dezvoltarea de aplicații web interactive."
        ],
        "raspuns_corect": 0
    },
    {
        "intrebare": "Ce este un Webhook?",
        "optiuni": [
            "Un mecanism care permite serverului să trimită notificări automate unui alt server atunci când un eveniment specific se produce.",
            "Un API pentru gestionarea autentificării utilizatorilor.",
            "O metodă de optimizare a performanței aplicațiilor web."
        ],
        "raspuns_corect": 0
    },


    {
        "intrebare": "Ce este un API și cum poate fi utilizat într-o aplicație web?",
        "optiuni": [
            "Un set de reguli care permite aplicațiilor să comunice între ele, de obicei prin HTTP.",
            "O interfață grafică utilizată pentru dezvoltarea paginilor web.",
            "Un tip de bază de date utilizată în backend-ul aplicațiilor."
        ],
        "raspuns_corect": 0
    },
    {
        "intrebare": "Cum poți utiliza API-ul ChatGPT într-o aplicație web?",
        "optiuni": [
            "Prin trimiterea unei cereri HTTP POST către endpoint-ul API cu o cheie de autentificare.",
            "Prin includerea directă a unui script JavaScript din OpenAI.",
            "Prin utilizarea unui framework CSS precum Bootstrap."
        ],
        "raspuns_corect": 0
    },
    {
        "intrebare": "Care este diferența dintre JSON și XML?",
        "optiuni": [
            "JSON este mai ușor de citit și scris de către oameni și mașini, în timp ce XML este mai complex și necesită mai multă procesare.",
            "JSON este utilizat doar pentru bazele de date, iar XML este folosit pentru API-uri.",
            "Nu există nicio diferență, ambele sunt utilizate în același mod."
        ],
        "raspuns_corect": 0
    },
    {
        "intrebare": "Cum poți încărca asincron un script JavaScript pentru a îmbunătăți performanța?",
        "optiuni": [
            "Adăugând atributul 'async' sau 'defer' în eticheta <‎script‎>.",
            "Încărcând scriptul într-un <‎div‎> ascuns.",
            "Reducând dimensiunea fișierului CSS."
        ],
        "raspuns_corect": 0
    },
    {
        "intrebare": "Ce este un Service Worker în JavaScript?",
        "optiuni": [
            "Un script care rulează în fundal și gestionează cache-ul și cererile de rețea pentru PWA-uri.",
            "Un plugin pentru optimizarea performanței CSS.",
            "Un API care permite integrarea unui chatbot într-o pagină web."
        ],
        "raspuns_corect": 0
    },
    {
        "intrebare": "Cum poți stoca date în browser-ul utilizatorului folosind JavaScript?",
        "optiuni": [
            "Folosind LocalStorage, SessionStorage sau IndexedDB.",
            "Salvând datele într-un fișier HTML.",
            "Folosind un framework CSS."
        ],
        "raspuns_corect": 0
    },
    {
        "intrebare": "Ce metodă de optimizare este recomandată pentru a reduce dimensiunea imaginilor într-o pagină web?",
        "optiuni": [
            "Utilizarea formatelor WebP sau AVIF și compresia fără pierderi.",
            "Convertirea tuturor imaginilor în format PNG.",
            "Utilizarea imaginilor la rezoluție maximă pentru o calitate mai bună."
        ],
        "raspuns_corect": 0
    },
    {
        "intrebare": "Cum poate fi securizat un API expus public?",
        "optiuni": [
            "Prin utilizarea autentificării OAuth, rate limiting și chei API.",
            "Prin permiterea accesului nelimitat pentru toți utilizatorii.",
            "Prin rularea API-ului doar pe localhost."
        ],
        "raspuns_corect": 0
    },
    {
        "intrebare": "Care este diferența dintre Client-Side Rendering (CSR) și Server-Side Rendering (SSR)?",
        "optiuni": [
            "CSR renderizează paginile în browser-ul utilizatorului, în timp ce SSR le renderizează pe server înainte de a fi trimise clientului.",
            "CSR este mai rapid decât SSR în orice situație.",
            "SSR este folosit doar pentru paginile statice, în timp ce CSR este utilizat pentru aplicații dinamice."
        ],
        "raspuns_corect": 0
    },
    {
        "intrebare": "Ce este un WebSocket și cum diferă de HTTP?",
        "optiuni": [
            "WebSocket permite comunicare bidirecțională în timp real între client și server, spre deosebire de HTTP care este request-response.",
            "WebSocket este utilizat doar pentru încărcarea paginilor web mai rapid.",
            "WebSocket este o metodă de securitate pentru protecția datelor utilizatorilor."
        ],
        "raspuns_corect": 0
    },
    {
        "intrebare": "Care este avantajul principal al utilizării unui CDN (Content Delivery Network)?",
        "optiuni": [
            "Îmbunătățește viteza de încărcare a resurselor statice prin distribuirea lor pe multiple servere globale.",
            "Reduce dimensiunea codului JavaScript necesar pentru o pagină web.",
            "Elimină necesitatea utilizării API-urilor externe."
        ],
        "raspuns_corect": 0
    },
    {
        "intrebare": "Ce reprezintă termenul FCP (First Contentful Paint) în optimizarea performanței web?",
        "optiuni": [
            "Momentul în care primul element vizual din pagină este afișat în browser.",
            "Timpul necesar pentru ca serverul să trimită un răspuns API.",
            "Momentul în care utilizatorul poate interacționa cu pagina."
        ],
        "raspuns_corect": 0
    }
]