[
    {
        "intrebare": "Care este principala diferență între HTML și XHTML?",
        "optiuni": [
            "XHTML este o versiune mai strictă și mai bine formată a HTML",
            "HTML nu permite utilizarea CSS",
            "XHTML nu poate fi folosit în paginile web"
        ],
        "raspuns_corect": 0
    },
    {
        "intrebare": "Ce face atributul 'rel' în eticheta <‎link‎> din HTML?",
        "optiuni": [
            "Specifică relația dintre documentul curent și resursa legată",
            "Definește dimensiunea fontului pentru pagina web",
            "Încarcă un script JavaScript extern"
        ],
        "raspuns_corect": 0
    },
    {
        "intrebare": "Ce rol are LESS în dezvoltarea web?",
        "optiuni": [
            "Este un preprocesor CSS care adaugă funcționalități precum variabile și mixins",
            "Un framework JavaScript pentru animații",
            "Un sistem de gestionare a bazelor de date"
        ],
        "raspuns_corect": 0
    },
    {
        "intrebare": "Care este scopul principal al XML?",
        "optiuni": [
            "Stocarea și transportul datelor într-un format structurat",
            "Stilizarea paginilor web",
            "Gestionarea bazelor de date relaționale"
        ],
        "raspuns_corect": 0
    },
    {
        "intrebare": "Ce metodă JavaScript este utilizată pentru a selecta un element HTML după clasă?",
        "optiuni": [
            "document.getElementsByClassName()",
            "document.querySelectorAll()",
            "document.getElementById()"
        ],
        "raspuns_corect": 0
    },
    {
        "intrebare": "Ce este JSON și cum este utilizat în JavaScript?",
        "optiuni": [
            "JavaScript Object Notation - un format de schimb de date ușor de utilizat",
            "O librărie JavaScript pentru manipularea CSS",
            "Un sistem de baze de date relaționale"
        ],
        "raspuns_corect": 0
    },
    {
        "intrebare": "Ce reprezintă termenul 'NoSQL' în contextul bazelor de date?",
        "optiuni": [
            "Un tip de baze de date non-relaționale",
            "Un limbaj de interogare a bazelor de date",
            "Un framework pentru dezvoltarea interfețelor utilizator"
        ],
        "raspuns_corect": 0
    },
    {
        "intrebare": "Ce avantaj major oferă bazele de date relaționale față de cele non-relaționale?",
        "optiuni": [
            "Asigură integritatea datelor prin relații și constrângeri",
            "Pot stoca cantități mai mari de date",
            "Sunt mai rapide pentru orice tip de interogare"
        ],
        "raspuns_corect": 0
    },
    {
        "intrebare": "Care dintre următoarele afirmații este adevărată despre SQL?",
        "optiuni": [
            "Este un limbaj de interogare folosit pentru manipularea bazelor de date relaționale",
            "Este utilizat doar pentru bazele de date non-relaționale",
            "Nu suportă operații de actualizare a datelor"
        ],
        "raspuns_corect": 0
    },
    {
        "intrebare": "Cum se poate crea o conexiune la o bază de date MySQL folosind PHP?",
        "optiuni": [
            "mysqli_connect('localhost', 'user', 'password', 'database')",
            "mysql.open('localhost', 'user', 'password', 'database')",
            "connect_mysql('localhost', 'user', 'password', 'database')"
        ],
        "raspuns_corect": 0
    },
    {
        "intrebare": "Care dintre următoarele nu este un tip de date valid în PHP?",
        "optiuni": [
            "boolean",
            "float",
            "decimal"
        ],
        "raspuns_corect": 2
    },
    {
        "intrebare": "Cum se pot preveni atacurile XSS într-o aplicație PHP?",
        "optiuni": [
            "Prin utilizarea funcției htmlspecialchars() pentru a scăpa caracterele speciale",
            "Prin dezactivarea completă a JavaScript în browser",
            "Prin salvarea tuturor datelor utilizatorului în cookies nesecurizate"
        ],
        "raspuns_corect": 0
    },
    {
        "intrebare": "Care este diferența între $_SESSION și $_COOKIE în PHP?",
        "optiuni": [
            "Sesiunile sunt stocate pe server, în timp ce cookie-urile sunt stocate în browserul utilizatorului",
            "Cookie-urile expiră automat după fiecare accesare a paginii",
            "Sesiunile PHP nu pot fi utilizate pentru autentificare"
        ],
        "raspuns_corect": 0
    },
    {
        "intrebare": "Ce reprezintă conceptul de 'responsive design' în dezvoltarea web?",
        "optiuni": [
            "Capacitatea unei pagini web de a se adapta automat la diferite dimensiuni de ecran",
            "O tehnică de compresie a fișierelor CSS",
            "O metodă de protejare a aplicațiilor împotriva atacurilor de securitate"
        ],
        "raspuns_corect": 0
    },
    {
        "intrebare": "Ce rol are un CMS (Content Management System)?",
        "optiuni": [
            "Permite utilizatorilor să creeze și să gestioneze conținutul unui site web fără cunoștințe avansate de programare",
            "Este un sistem de baze de date pentru gestionarea documentelor",
            "Este un limbaj de programare pentru manipularea interfețelor utilizator"
        ],
        "raspuns_corect": 0
    },
    {
        "intrebare": "Cum poate fi testată securitatea unei aplicații web?",
        "optiuni": [
            "Prin utilizarea unor instrumente de testare precum OWASP ZAP și Burp Suite",
            "Prin dezactivarea tuturor firewall-urilor",
            "Prin permiterea tuturor cererilor externe fără restricții"
        ],
        "raspuns_corect": 0
    },
    {
        "intrebare": "Care este scopul principal al unui framework CSS precum Bootstrap?",
        "optiuni": [
            "Facilitează crearea rapidă a interfețelor responsive și consistente",
            "Optimizează performanța serverului web",
            "Crește viteza de execuție a scripturilor PHP"
        ],
        "raspuns_corect": 0
    },
    {
        "intrebare": "Ce este un test unit (unit test)?",
        "optiuni": [
            "Un test care verifică funcționarea unei unități individuale de cod",
            "Un test pentru măsurarea vitezei de încărcare a paginii",
            "O metodă de analiză a traficului web"
        ],
        "raspuns_corect": 0
    },
    {
        "intrebare": "Ce este un atac de tip CSRF (Cross-Site Request Forgery)?",
        "optiuni": [
            "Un atac în care un utilizator autenticat este păcălit să trimită o cerere rău intenționată fără să își dea seama",
            "Un tip de atac prin care hackerii obțin acces la bazele de date",
            "Un atac care blochează accesul utilizatorilor la site"
        ],
        "raspuns_corect": 0
    },

    {
        "intrebare": "Care dintre următoarele afirmații despre XML este adevărată?",
        "optiuni": [
            "XML este un limbaj de programare utilizat pentru dezvoltarea aplicațiilor web",
            "XML este utilizat pentru stocarea și transportul datelor într-un format structurat",
            "XML este un limbaj de stilizare a paginilor web"
        ],
        "raspuns_corect": 1
    },
    {
        "intrebare": "Ce face atributul 'xmlns' în XML?",
        "optiuni": [
            "Definește spațiul de nume pentru elementele XML",
            "Este utilizat pentru a defini un comentariu în XML",
            "Încapsulează datele XML într-o schemă JSON"
        ],
        "raspuns_corect": 0
    },
    {
        "intrebare": "Care este diferența principală dintre XML și HTML?",
        "optiuni": [
            "XML este utilizat pentru stocarea și transportul datelor, în timp ce HTML este utilizat pentru afișarea datelor",
            "HTML nu este un limbaj markup",
            "XML nu poate fi folosit pentru a structura date"
        ],
        "raspuns_corect": 0
    },
    {
        "intrebare": "Care dintre următoarele caracteristici este specifică XHTML?",
        "optiuni": [
            "Toate etichetele trebuie să fie închise corect",
            "Este o versiune mai flexibilă a HTML fără reguli stricte",
            "Permite utilizarea de etichete personalizate fără restricții"
        ],
        "raspuns_corect": 0
    },
    {
        "intrebare": "Care este diferența dintre XHTML și HTML?",
        "optiuni": [
            "XHTML impune reguli stricte de sintaxă și validare, în timp ce HTML este mai permisiv",
            "XHTML permite utilizarea scripturilor server-side, pe când HTML nu",
            "HTML suportă XML, dar XHTML nu"
        ],
        "raspuns_corect": 0
    },
    {
        "intrebare": "Cum se definește un element gol în XHTML?",
        "optiuni": [
            "<‎br‎>",
            "<‎br/‎>",
            "<‎br‎><‎/br‎>"
        ],
        "raspuns_corect": 1
    },
    {
        "intrebare": "Care dintre următoarele comenzi SQL este folosită pentru a selecta toate datele dintr-un tabel?",
        "optiuni": [
            "SELECT ALL FROM tabela;",
            "SELECT * FROM tabela;",
            "GET ALL tabela;"
        ],
        "raspuns_corect": 1
    },
    {
        "intrebare": "Ce comandă SQL este folosită pentru a adăuga o coloană nouă într-un tabel existent?",
        "optiuni": [
            "ALTER TABLE tabela ADD COLUMN nume_coloană tip_datelor;",
            "ADD COLUMN nume_coloană tip_datelor TO tabela;",
            "MODIFY TABLE tabela ADD nume_coloană tip_datelor;"
        ],
        "raspuns_corect": 0
    },
    {
        "intrebare": "Cum se poate șterge un rând specific dintr-un tabel MySQL?",
        "optiuni": [
            "DELETE FROM tabela WHERE id = 5;",
            "REMOVE ROW tabela WHERE id = 5;",
            "DROP ROW tabela WHERE id = 5;"
        ],
        "raspuns_corect": 0
    },
    {
        "intrebare": "Care dintre următoarele afirmații este adevărată despre PRIMARY KEY în MySQL?",
        "optiuni": [
            "Poate conține valori duplicate",
            "Poate fi NULL",
            "Este un identificator unic pentru fiecare rând din tabel"
        ],
        "raspuns_corect": 2
    },
    {
        "intrebare": "Cum se poate preveni SQL Injection în PHP?",
        "optiuni": [
            "Utilizând interogări parametrizate",
            "Stocând parolele în format text simplu",
            "Permițând utilizatorilor să introducă direct interogări SQL"
        ],
        "raspuns_corect": 0
    },
    {
        "intrebare": "Care dintre următoarele funcții PHP este utilizată pentru a rula o interogare SQL?",
        "optiuni": [
            "execute_query()",
            "mysqli_query()",
            "run_sql()"
        ],
        "raspuns_corect": 1
    },
    {
        "intrebare": "Cum se poate închide o conexiune MySQL în PHP?",
        "optiuni": [
            "mysql_close($conn);",
            "mysqli_close($conn);",
            "close_mysql($conn);"
        ],
        "raspuns_corect": 1
    },
    {
        "intrebare": "Ce metodă poate fi folosită pentru a obține ultima valoare AUTO_INCREMENT inserată într-o bază de date MySQL?",
        "optiuni": [
            "mysqli_last_insert_id();",
            "mysqli_insert_id();",
            "last_insert_id();"
        ],
        "raspuns_corect": 1
    },
    {
        "intrebare": "Care este scopul unui CMS?",
        "optiuni": [
            "Gestionarea și publicarea conținutului web fără a scrie cod",
            "Optimizarea codului PHP pentru baze de date",
            "Criptarea datelor utilizatorilor pe server"
        ],
        "raspuns_corect": 0
    },
    {
        "intrebare": "Ce CMS este cunoscut pentru flexibilitatea și popularitatea sa?",
        "optiuni": [
            "Drupal",
            "WordPress",
            "Joomla"
        ],
        "raspuns_corect": 1
    },
    {
        "intrebare": "Cum poate un CMS îmbunătăți procesul de creare a unui site?",
        "optiuni": [
            "Oferă șabloane și pluginuri pentru personalizare rapidă",
            "Crește viteza de procesare a serverului",
            "Elimină complet nevoia de cunoștințe HTML"
        ],
        "raspuns_corect": 0
    },
    {
        "intrebare": "Care dintre următoarele concepte se aplică atât în PHP, cât și în MySQL?",
        "optiuni": [
            "Utilizarea sesiunilor pentru autentificare",
            "Stocarea fișierelor pe server",
            "Manipularea directă a interfeței utilizator"
        ],
        "raspuns_corect": 0
    },
    {
        "intrebare": "Ce reprezintă funcția 'isset()' în PHP?",
        "optiuni": [
            "Verifică dacă o variabilă este setată și nu este NULL",
            "Șterge o variabilă din memoria serverului",
            "Declară o variabilă globală"
        ],
        "raspuns_corect": 0
    },
    {
        "intrebare": "Cum poate fi trimisă o cerere POST dintr-un formular HTML către un script PHP?",
        "optiuni": [
            "Utilizând metoda 'POST' în atributul <‎form‎> și $_POST în PHP",
            "Folosind metoda 'GET' și variabila $_REQUEST",
            "Încapsulând toate datele într-un fișier JSON"
        ],
        "raspuns_corect": 0
    },

    {
        "intrebare": "Care este diferența principală dintre CSS și LESS?",
        "optiuni": [
            "LESS este un preprocesor CSS care adaugă funcționalități precum variabile și mixins",
            "CSS este un limbaj de programare, în timp ce LESS este doar un stil de codificare",
            "LESS este utilizat doar pentru pagini statice, în timp ce CSS este dinamic"
        ],
        "raspuns_corect": 0
    },
    {
        "intrebare": "Cum se definește o variabilă în LESS?",
        "optiuni": [
            "@culoare-principala: #ff0000;",
            "$culoare-principala: #ff0000;",
            "var(--culoare-principala: #ff0000);"
        ],
        "raspuns_corect": 0
    },
    {
        "intrebare": "Ce avantaj major oferă XML față de JSON?",
        "optiuni": [
            "Suportă definirea de scheme pentru validare strictă",
            "Este mai ușor de citit și procesat de către aplicațiile web moderne",
            "Poate stoca doar date în format text"
        ],
        "raspuns_corect": 0
    },
    {
        "intrebare": "Ce regulă trebuie respectată în XHTML, dar nu neapărat în HTML?",
        "optiuni": [
            "Toate etichetele trebuie să fie închise corect",
            "Atributele trebuie scrise cu litere mari",
            "Comentariile HTML nu sunt permise"
        ],
        "raspuns_corect": 0
    },
    {
        "intrebare": "Cum poate fi adăugat un nou element într-un array JavaScript?",
        "optiuni": [
            "array.push(nouElement);",
            "array.add(nouElement);",
            "array.insert(nouElement);"
        ],
        "raspuns_corect": 0
    },
    {
        "intrebare": "Ce metodă JavaScript poate fi folosită pentru a face o cerere HTTP GET?",
        "optiuni": [
            "fetch(url)",
            "sendHttpRequest(url)",
            "httpRequest(url, 'GET')"
        ],
        "raspuns_corect": 0
    },
    {
        "intrebare": "Care este diferența dintre baze de date relaționale și non-relaționale?",
        "optiuni": [
            "Bazele de date relaționale utilizează tabele și relații între date, în timp ce cele non-relaționale folosesc documente sau structuri cheie-valoare",
            "Bazele de date relaționale sunt mai rapide decât cele non-relaționale",
            "Bazele de date non-relaționale nu permit interogări complexe"
        ],
        "raspuns_corect": 0
    },
    {
        "intrebare": "Ce comandă SQL este utilizată pentru a combina rezultatele din două tabele?",
        "optiuni": [
            "JOIN",
            "MERGE",
            "CONNECT"
        ],
        "raspuns_corect": 0
    },
    {
        "intrebare": "Cum poate fi optimizată o interogare SQL care rulează lent?",
        "optiuni": [
            "Utilizând indici pe coloanele frecvent interogate",
            "Evitând utilizarea de indecși",
            "Scriind interogarea într-un limbaj de programare diferit"
        ],
        "raspuns_corect": 0
    },
    {
        "intrebare": "Ce metodă este utilizată în PHP pentru a obține numărul de rânduri returnate de o interogare MySQL?",
        "optiuni": [
            "mysqli_num_rows()",
            "mysql_row_count()",
            "get_row_count()"
        ],
        "raspuns_corect": 0
    },
    {
        "intrebare": "Cum se definește o funcție în PHP?",
        "optiuni": [
            "function numeFunctie() { }",
            "def numeFunctie() { }",
            "fn numeFunctie() { }"
        ],
        "raspuns_corect": 0
    },
    {
        "intrebare": "Care dintre următoarele este o metodă validă de a seta un cookie în PHP?",
        "optiuni": [
            "setcookie('nume', 'valoare', time() + 3600);",
            "create_cookie('nume', 'valoare', 3600);",
            "newCookie('nume', 'valoare', 3600);"
        ],
        "raspuns_corect": 0
    },
    {
        "intrebare": "Cum se poate stoca și accesa o sesiune în PHP?",
        "optiuni": [
            "session_start(); $_SESSION['user'] = 'John';",
            "start_session(); $_SESSION['user'] = 'John';",
            "openSession(); session['user'] = 'John';"
        ],
        "raspuns_corect": 0
    },
    {
        "intrebare": "Ce metodă este utilizată pentru a preveni atacurile CSRF în PHP?",
        "optiuni": [
            "Generarea și verificarea unui token CSRF în formulare",
            "Dezactivarea JavaScript pe site",
            "Stocarea tuturor datelor în cookie-uri nesecurizate"
        ],
        "raspuns_corect": 0
    },
    {
        "intrebare": "Cum se poate testa corect o aplicație web?",
        "optiuni": [
            "Utilizând un framework de testare precum Selenium sau PHPUnit",
            "Doar verificând vizual paginile",
            "Executând codul fără niciun plan de testare"
        ],
        "raspuns_corect": 0
    },
    {
        "intrebare": "Care dintre următoarele reprezintă un avantaj al unui CMS?",
        "optiuni": [
            "Permite crearea și gestionarea conținutului fără cunoștințe avansate de programare",
            "Reduce dimensiunea codului PHP utilizat",
            "Îmbunătățește viteza serverului"
        ],
        "raspuns_corect": 0
    },
    {
        "intrebare": "Cum poate un CMS precum WordPress să fie securizat?",
        "optiuni": [
            "Prin utilizarea de pluginuri de securitate și actualizări regulate",
            "Dezactivând complet bazele de date",
            "Evitând utilizarea temelor și pluginurilor"
        ],
        "raspuns_corect": 0
    },
    {
        "intrebare": "Care este diferența dintre un site static și un CMS?",
        "optiuni": [
            "Un site static nu utilizează baze de date, în timp ce un CMS permite gestionarea conținutului dinamic",
            "Un CMS nu permite personalizarea designului",
            "Un site static nu poate fi afișat pe dispozitive mobile"
        ],
        "raspuns_corect": 0
    },
      {
        "intrebare": "Ce avantaj oferă LESS față de CSS?",
        "optiuni": [
            "Permite utilizarea variabilelor, mixin-urilor și funcțiilor",
            "Rulează mai rapid în browser",
            "Este un limbaj complet diferit de CSS"
        ],
        "raspuns_corect": 0
    },
    {
        "intrebare": "Cum se poate include un fișier LESS într-un proiect web?",
        "optiuni": [
            "Folosind un compilator pentru a-l transforma în CSS",
            "Importându-l direct în HTML cu <‎link‎>",
            "Încapsulându-l într-un fișier JSON"
        ],
        "raspuns_corect": 0
    },
    {
        "intrebare": "Ce reprezintă XML Schema (XSD)?",
        "optiuni": [
            "Un mecanism de validare pentru structura unui document XML",
            "Un format de compresie pentru fișiere XML",
            "Un limbaj de programare folosit pentru a manipula XML"
        ],
        "raspuns_corect": 0
    },
    {
        "intrebare": "Care dintre următoarele afirmații despre XHTML este adevărată?",
        "optiuni": [
            "XHTML necesită închiderea tuturor etichetelor și respectarea unei sintaxe stricte",
            "XHTML nu poate fi folosit în paginile web moderne",
            "XHTML este mai rapid decât HTML"
        ],
        "raspuns_corect": 0
    },
    {
        "intrebare": "Cum se poate adăuga un element nou într-un array JavaScript?",
        "optiuni": [
            "array.push(nouElement);",
            "array.append(nouElement);",
            "array.add(nouElement);"
        ],
        "raspuns_corect": 0
    },
    {
        "intrebare": "Care este rolul metodei `localStorage.setItem()` în JavaScript?",
        "optiuni": [
            "Stochează date în browser pentru utilizare ulterioară",
            "Trimite date către server",
            "Șterge toate datele din memorie"
        ],
        "raspuns_corect": 0
    },
    {
        "intrebare": "Ce tip de bază de date utilizează documente în loc de tabele?",
        "optiuni": [
            "MongoDB",
            "MySQL",
            "PostgreSQL"
        ],
        "raspuns_corect": 0
    },
    {
        "intrebare": "Ce operator SQL este utilizat pentru a returna doar valori distincte?",
        "optiuni": [
            "DISTINCT",
            "UNIQUE",
            "FILTER"
        ],
        "raspuns_corect": 0
    },
    {
        "intrebare": "Ce face comanda SQL `ALTER TABLE`?",
        "optiuni": [
            "Modifică structura unui tabel",
            "Șterge un tabel",
            "Selectează date dintr-un tabel"
        ],
        "raspuns_corect": 0
    },
    {
        "intrebare": "Care este diferența dintre `INNER JOIN` și `LEFT JOIN` în SQL?",
        "optiuni": [
            "INNER JOIN returnează doar înregistrările care au corespondență în ambele tabele, în timp ce LEFT JOIN returnează toate înregistrările din primul tabel și doar cele corespunzătoare din al doilea",
            "LEFT JOIN returnează doar înregistrările comune între tabele",
            "INNER JOIN returnează toate rândurile din ambele tabele"
        ],
        "raspuns_corect": 0
    },
    {
        "intrebare": "Care dintre următoarele metode PHP este utilizată pentru a prelua date dintr-un formular HTML?",
        "optiuni": [
            "$_POST și $_GET",
            "$_SESSION și $_COOKIE",
            "$_FORM și $_REQUEST"
        ],
        "raspuns_corect": 0
    },
    {
        "intrebare": "Cum se poate opri execuția unui script PHP?",
        "optiuni": [
            "exit();",
            "stop();",
            "terminate();"
        ],
        "raspuns_corect": 0
    },
    {
        "intrebare": "Ce face funcția `file_get_contents()` în PHP?",
        "optiuni": [
            "Citește conținutul unui fișier într-un string",
            "Scrie un string într-un fișier",
            "Șterge un fișier"
        ],
        "raspuns_corect": 0
    },
    {
        "intrebare": "Cum poate fi securizat un site WordPress?",
        "optiuni": [
            "Actualizând constant teme și plugin-uri și utilizând parole puternice",
            "Dezactivând toate plugin-urile",
            "Folosind doar tema implicită"
        ],
        "raspuns_corect": 0
    },
    {
        "intrebare": "Ce rol are un CDN (Content Delivery Network) în optimizarea unui site web?",
        "optiuni": [
            "Îmbunătățește viteza de livrare a conținutului prin distribuirea resurselor pe mai multe servere",
            "Înlocuiește necesitatea utilizării unei baze de date",
            "Îmbunătățește securitatea prin criptarea fișierelor CSS"
        ],
        "raspuns_corect": 0
    },
    {
        "intrebare": "Ce face un framework de testare precum PHPUnit?",
        "optiuni": [
            "Automatizează testarea codului PHP pentru a detecta erori",
            "Optimizează baza de date",
            "Rulează interogări SQL mai rapid"
        ],
        "raspuns_corect": 0
    },
    {
        "intrebare": "Cum poate fi verificată securitatea unei aplicații web?",
        "optiuni": [
            "Utilizând teste de penetrare și scanere de vulnerabilități",
            "Executând codul într-un editor de text",
            "Verificând vizual paginile web"
        ],
        "raspuns_corect": 0
    },
    {
        "intrebare": "Ce tehnică de testare se folosește pentru a verifica interacțiunile utilizatorilor cu interfața web?",
        "optiuni": [
            "Testarea UX/UI",
            "Testarea de performanță",
            "Testarea bazelor de date"
        ],
        "raspuns_corect": 0
    },
    {
        "intrebare": "Care dintre următoarele caracteristici este specifică unui CMS?",
        "optiuni": [
            "Permite gestionarea conținutului fără cunoștințe avansate de programare",
            "Crește viteza serverului cu 50%",
            "Funcționează doar pe Linux"
        ],
        "raspuns_corect": 0
    },
      {
        "intrebare": "Ce tip de limbaj de programare este PHP?",
        "optiuni": [
            "Limbaj de programare server-side",
            "Limbaj de stilizare web",
            "Limbaj pentru dezvoltarea aplicațiilor mobile"
        ],
        "raspuns_corect": 0
    },
    {
        "intrebare": "Cum se definește o variabilă în PHP?",
        "optiuni": [
            "$variabila = 'valoare';",
            "var variabila = 'valoare';",
            "let variabila = 'valoare';"
        ],
        "raspuns_corect": 0
    },
    {
        "intrebare": "Ce funcție este utilizată pentru a obține tipul unei variabile în PHP?",
        "optiuni": [
            "gettype()",
            "typeof()",
            "var_type()"
        ],
        "raspuns_corect": 0
    },
    {
        "intrebare": "Care este rezultatul expresiei `3 + '2'` în PHP?",
        "optiuni": [
            "5",
            "32",
            "Eroare de tip"
        ],
        "raspuns_corect": 0
    },
    {
        "intrebare": "Care dintre următoarele este o structură de control validă în PHP?",
        "optiuni": [
            "if-else",
            "foreach",
            "to while"
        ],
        "raspuns_corect": 0
    },
    {
        "intrebare": "Cum se declară o funcție în PHP?",
        "optiuni": [
            "function numeFunctie() { }",
            "def numeFunctie() { }",
            "fn numeFunctie() { }"
        ],
        "raspuns_corect": 0
    },
    {
        "intrebare": "Ce face funcția `isset()` în PHP?",
        "optiuni": [
            "Verifică dacă o variabilă este setată și nu este NULL",
            "Verifică tipul unei variabile",
            "Returnează lungimea unei variabile string"
        ],
        "raspuns_corect": 0
    },
    {
        "intrebare": "Cum se trimit datele unui formular către un script PHP utilizând metoda POST?",
        "optiuni": [
            "Prin atributul method='post' în <‎form‎> și accesarea datelor cu $_POST",
            "Prin atributul method='get' în <‎form‎> și accesarea datelor cu $_SESSION",
            "Prin atributul method='send' în <‎form‎> și accesarea datelor cu $_REQUEST"
        ],
        "raspuns_corect": 0
    },
    {
        "intrebare": "Ce metodă este utilizată pentru a încărca fișiere într-un server utilizând PHP?",
        "optiuni": [
            "move_uploaded_file()",
            "upload_file()",
            "save_file()"
        ],
        "raspuns_corect": 0
    },
    {
        "intrebare": "Cum se poate crea un cookie în PHP?",
        "optiuni": [
            "setcookie('nume', 'valoare', time() + 3600);",
            "create_cookie('nume', 'valoare', 3600);",
            "newCookie('nume', 'valoare', 3600);"
        ],
        "raspuns_corect": 0
    },
    {
        "intrebare": "Ce metodă poate fi utilizată pentru a inițializa o sesiune în PHP?",
        "optiuni": [
            "session_start();",
            "session_begin();",
            "start_session();"
        ],
        "raspuns_corect": 0
    },
    {
        "intrebare": "Ce funcție PHP este utilizată pentru a executa o interogare MySQL?",
        "optiuni": [
            "mysqli_query()",
            "mysql_execute()",
            "run_query()"
        ],
        "raspuns_corect": 0
    },
    {
        "intrebare": "Care este scopul funcției `password_hash()` în PHP?",
        "optiuni": [
            "Criptarea parolelor pentru stocare securizată",
            "Generarea unei chei API",
            "Executarea unei interogări MySQL"
        ],
        "raspuns_corect": 0
    },
    {
        "intrebare": "Ce principiu este important în dezvoltarea aplicațiilor web distribuite?",
        "optiuni": [
            "Modularitatea și scalabilitatea codului",
            "Utilizarea unui singur server pentru toate operațiunile",
            "Evitarea utilizării bazelor de date"
        ],
        "raspuns_corect": 0
    },
    {
        "intrebare": "Ce reprezintă responsive design?",
        "optiuni": [
            "O tehnică de proiectare care adaptează interfața utilizatorului pentru diferite dispozitive",
            "Un framework CSS specific pentru design UI",
            "O metodă de securitate pentru protecția site-urilor"
        ],
        "raspuns_corect": 0
    },
    {
        "intrebare": "Ce atac cibernetic poate fi prevenit prin validarea și filtrarea datelor utilizatorilor?",
        "optiuni": [
            "SQL Injection",
            "DDoS",
            "Phishing"
        ],
        "raspuns_corect": 0
    },
    {
        "intrebare": "Ce metodă de testare este utilizată pentru verificarea funcționalității componentelor individuale ale unei aplicații?",
        "optiuni": [
            "Unit Testing",
            "Integration Testing",
            "Load Testing"
        ],
        "raspuns_corect": 0
    },
    {
        "intrebare": "Ce rol are planificarea testării într-un proiect software?",
        "optiuni": [
            "Definirea strategiei și scenariilor de testare pentru a asigura calitatea software-ului",
            "Îmbunătățirea performanței serverului",
            "Reducerea costurilor prin eliminarea testelor"
        ],
        "raspuns_corect": 0
    },
    {
        "intrebare": "Ce instrument este utilizat pentru testarea automată a aplicațiilor web?",
        "optiuni": [
            "Selenium",
            "Wireshark",
            "Apache"
        ],
        "raspuns_corect": 0
    },
    {
        "intrebare": "Ce CMS este cel mai utilizat pentru crearea site-urilor web?",
        "optiuni": [
            "WordPress",
            "Joomla",
            "Drupal"
        ],
        "raspuns_corect": 0
    },
    {
        "intrebare": "Cum poate fi securizat un site WordPress?",
        "optiuni": [
            "Utilizând pluginuri de securitate și actualizând constant platforma",
            "Eliminând toate pluginurile",
            "Dezactivând actualizările automate"
        ],
        "raspuns_corect": 0
    },
    {
        "intrebare": "Care este avantajul utilizării unui CMS?",
        "optiuni": [
            "Permite gestionarea conținutului fără a scrie cod",
            "Reduce timpul de încărcare al paginii web",
            "Îmbunătățește performanța PHP"
        ],
        "raspuns_corect": 0
    }
]
