[
    {
        "intrebare": "Ce se întâmplă dacă un script PHP încearcă să acceseze o variabilă care nu a fost declarată?",
        "optiuni": [
            "PHP va arunca un E_NOTICE dar va continua execuția",
            "PHP va opri execuția imediat cu o eroare fatală",
            "PHP va returna o valoare NULL fără nicio avertizare"
        ],
        "raspuns_corect": 0
    },
    {
        "intrebare": "Ce face operatorul `??` în PHP?",
        "optiuni": [
            "Returnează prima valoare non-null dintre cele testate",
            "Compară două valori ca în SQL",
            "Concatenează două string-uri"
        ],
        "raspuns_corect": 0
    },
    {
        "intrebare": "Ce metodă este mai eficientă pentru citirea unui fișier mare în PHP?",
        "optiuni": [
            "fgets() – citește fișierul linie cu linie pentru a economisi memorie",
            "file_get_contents() – încarcă întregul fișier în memorie",
            "fread() – citește fișierul în blocuri mari de date"
        ],
        "raspuns_corect": 0
    },
    {
        "intrebare": "Ce reprezintă 'magic quotes' în PHP și de ce au fost eliminate?",
        "optiuni": [
            "Un mecanism care adăuga automat caractere de escape în inputurile utilizatorului, eliminat din motive de securitate",
            "O funcție avansată pentru criptarea automată a parolelor",
            "Un mod prin care PHP putea interpreta variabile globale într-un mod mai flexibil"
        ],
        "raspuns_corect": 0
    },
    {
        "intrebare": "Ce este Composer în PHP?",
        "optiuni": [
            "Un manager de pachete pentru PHP care ajută la gestionarea dependențelor",
            "Un framework PHP pentru dezvoltarea rapidă a aplicațiilor",
            "Un editor vizual pentru cod PHP"
        ],
        "raspuns_corect": 0
    },
    {
        "intrebare": "Cum poate fi implementată o metodă eficientă de caching pentru o aplicație PHP?",
        "optiuni": [
            "Utilizând APCu sau Memcached pentru a stoca datele frecvent accesate",
            "Salvând toate datele într-un fișier de text local",
            "Folosind un database query log pentru a evita interogările multiple"
        ],
        "raspuns_corect": 0
    },
    {
        "intrebare": "De ce este recomandat să folosești PDO în locul funcțiilor MySQLi?",
        "optiuni": [
            "Pentru că oferă suport pentru mai multe tipuri de baze de date și permite interogări parametrizate",
            "Pentru că este mai rapid decât MySQLi",
            "Pentru că este singura metodă compatibilă cu MySQL 8.0"
        ],
        "raspuns_corect": 0
    },
    {
        "intrebare": "Care dintre următoarele este cea mai bună metodă pentru a valida un e-mail în PHP?",
        "optiuni": [
            "Utilizarea `filter_var($email, FILTER_VALIDATE_EMAIL);`",
            "Verificarea manuală a conținutului folosind expresii regulate",
            "Compararea adresei de email cu o listă de domenii valide"
        ],
        "raspuns_corect": 0
    },
    {
        "intrebare": "Ce tehnică este recomandată pentru a preveni atacurile de tip 'Clickjacking'?",
        "optiuni": [
            "Setarea antetului HTTP `X-Frame-Options: DENY`",
            "Folosirea doar a metodelor POST pentru toate formularele",
            "Activarea HTTPS pe site"
        ],
        "raspuns_corect": 0
    },
    {
        "intrebare": "Cum poți preveni atacurile CSRF (Cross-Site Request Forgery) într-o aplicație PHP?",
        "optiuni": [
            "Prin generarea unui token CSRF unic pentru fiecare sesiune și verificarea acestuia la fiecare cerere",
            "Prin validarea adreselor IP ale utilizatorilor",
            "Prin blocarea tuturor cererilor GET și permiterea doar a celor POST"
        ],
        "raspuns_corect": 0
    },
    {
        "intrebare": "Cum poate fi protejată o aplicație PHP împotriva atacurilor XSS (Cross-Site Scripting)?",
        "optiuni": [
            "Prin utilizarea funcției `htmlspecialchars()` pe toate datele introduse de utilizatori",
            "Prin dezactivarea JavaScript în browser",
            "Prin rularea codului PHP într-un container Docker"
        ],
        "raspuns_corect": 0
    },
    {
        "intrebare": "Ce tip de atac poate apărea dacă parolele nu sunt stocate corect într-o bază de date?",
        "optiuni": [
            "Credential Stuffing",
            "DDoS",
            "Clickjacking"
        ],
        "raspuns_corect": 0
    },
    {
        "intrebare": "Ce rol are `.htaccess` într-un server Apache?",
        "optiuni": [
            "Permite configurarea locală a serverului, inclusiv redirecționări și reguli de securitate",
            "Este un fișier utilizat pentru a salva setările bazei de date",
            "Servește ca un cache pentru optimizarea încărcării paginilor"
        ],
        "raspuns_corect": 0
    },
    {
        "intrebare": "Care este scopul fișierului `robots.txt` într-un site web?",
        "optiuni": [
            "Restricționează accesul roboților motoarelor de căutare la anumite pagini",
            "Îmbunătățește securitatea site-ului prin criptarea URL-urilor",
            "Optimizează viteza de încărcare a paginilor"
        ],
        "raspuns_corect": 0
    },
    {
        "intrebare": "Ce face un CMS Headless?",
        "optiuni": [
            "Oferă conținut printr-un API, permițând utilizarea acestuia pe mai multe platforme",
            "Este o versiune mai simplă a unui CMS clasic, fără funcționalitate de editare",
            "Este un CMS specializat doar pentru e-commerce"
        ],
        "raspuns_corect": 0
    },
    {
        "intrebare": "Ce avantaj oferă un CMS față de un site dezvoltat manual?",
        "optiuni": [
            "Permite gestionarea conținutului fără a fi necesare cunoștințe avansate de programare",
            "Îmbunătățește automat performanța paginii web",
            "Elimină necesitatea de a optimiza SEO"
        ],
        "raspuns_corect": 0
    },
    {
        "intrebare": "Cum poate fi testată performanța unui site web?",
        "optiuni": [
            "Utilizând Google Lighthouse sau GTmetrix pentru analiza vitezei și performanței",
            "Deschizând site-ul în diferite browsere",
            "Încărcând site-ul cu multe imagini și verificând timpul de încărcare"
        ],
        "raspuns_corect": 0
    },
    {
        "intrebare": "Ce rol are un Web Application Firewall (WAF)?",
        "optiuni": [
            "Protejează aplicațiile web împotriva atacurilor comune, cum ar fi SQL Injection și XSS",
            "Crește viteza de încărcare a site-ului",
            "Permite doar utilizatorilor autentificați să acceseze site-ul"
        ],
        "raspuns_corect": 0
    },

    {
        "intrebare": "Ce este un preprocesor CSS precum LESS?",
        "optiuni": [
            "Un instrument care extinde CSS prin utilizarea variabilelor, funcțiilor și mixin-urilor",
            "Un framework CSS pentru dezvoltarea rapidă a interfețelor",
            "Un tip de bază de date pentru stocarea fișierelor CSS"
        ],
        "raspuns_corect": 0
    },
    {
        "intrebare": "Cum se declară o variabilă în LESS?",
        "optiuni": [
            "@culoare-principala: #ff0000;",
            "$culoare-principala: #ff0000;",
            "var(--culoare-principala: #ff0000);"
        ],
        "raspuns_corect": 0
    },
    {
        "intrebare": "Care dintre următoarele nu este o diferență între XML și JSON?",
        "optiuni": [
            "XML este mai strict și permite validarea cu DTD sau XSD",
            "JSON este mai ușor de citit și utilizat în aplicațiile web",
            "JSON nu suportă structuri de date imbricate"
        ],
        "raspuns_corect": 2
    },
    {
        "intrebare": "Ce regulă trebuie respectată în XHTML, dar nu neapărat în HTML?",
        "optiuni": [
            "Toate etichetele trebuie să fie închise corect",
            "Se permit etichete fără închidere, cum ar fi `<‎br‎>`",
            "Elementele pot avea atribute fără valoare"
        ],
        "raspuns_corect": 0
    },
    {
        "intrebare": "Ce metodă JavaScript este utilizată pentru a selecta un element pe bază de ID?",
        "optiuni": [
            "document.getElementById('id')",
            "document.querySelector('#id')",
            "document.getElementByName('id')"
        ],
        "raspuns_corect": 0
    },
    {
        "intrebare": "Ce rol are AJAX în paginile dinamice cu JavaScript?",
        "optiuni": [
            "Permite actualizarea conținutului paginii fără a o reîncărca",
            "Este un framework JavaScript pentru dezvoltare rapidă",
            "Stochează datele utilizatorului în baza de date"
        ],
        "raspuns_corect": 0
    },
    {
        "intrebare": "Care este diferența între bazele de date relaționale și non-relaționale?",
        "optiuni": [
            "Bazele de date relaționale folosesc tabele și relații, în timp ce cele non-relaționale folosesc documente sau perechi cheie-valoare",
            "Bazele de date non-relaționale sunt mai lente decât cele relaționale",
            "Bazele de date relaționale nu pot stoca date JSON"
        ],
        "raspuns_corect": 0
    },
    {
        "intrebare": "Ce face comanda SQL `SELECT COUNT(*) FROM users;`?",
        "optiuni": [
            "Returnează numărul total de înregistrări din tabelul `users`",
            "Selectează toate coloanele din tabelul `users`",
            "Șterge toate înregistrările din tabelul `users`"
        ],
        "raspuns_corect": 0
    },
    {
        "intrebare": "Cum se definește o funcție în PHP?",
        "optiuni": [
            "function numeFunctie() { }",
            "def numeFunctie() { }",
            "fn numeFunctie() { }"
        ],
        "raspuns_corect": 0
    },
    {
        "intrebare": "Ce face funcția `isset()` în PHP?",
        "optiuni": [
            "Verifică dacă o variabilă este setată și nu este NULL",
            "Șterge o variabilă din memorie",
            "Returnează tipul unei variabile"
        ],
        "raspuns_corect": 0
    },
    {
        "intrebare": "Cum poate fi verificată securitatea unei aplicații PHP împotriva atacurilor SQL Injection?",
        "optiuni": [
            "Utilizând interogări parametrizate și mysqli_real_escape_string()",
            "Folosind doar metode GET pentru trimiterea datelor",
            "Limitând accesul utilizatorilor la site"
        ],
        "raspuns_corect": 0
    },
    {
        "intrebare": "Ce metodă este utilizată pentru a inițializa o sesiune în PHP?",
        "optiuni": [
            "session_start();",
            "session_open();",
            "init_session();"
        ],
        "raspuns_corect": 0
    },
    {
        "intrebare": "Cum se accesează o bază de date MySQL utilizând PHP?",
        "optiuni": [
            "mysqli_connect('localhost', 'user', 'password', 'database');",
            "open_mysql('localhost', 'user', 'password', 'database');",
            "connectDB('localhost', 'user', 'password', 'database');"
        ],
        "raspuns_corect": 0
    },
    {
        "intrebare": "Ce este responsive design?",
        "optiuni": [
            "O tehnică de dezvoltare care permite ca paginile web să se adapteze la diferite dimensiuni de ecran",
            "Un limbaj de programare pentru dezvoltarea interfețelor utilizator",
            "O tehnică de criptare a datelor"
        ],
        "raspuns_corect": 0
    },
    {
        "intrebare": "Ce atac poate apărea dacă parolele utilizatorilor sunt stocate în text clar într-o bază de date?",
        "optiuni": [
            "Credential Stuffing",
            "DDoS",
            "Clickjacking"
        ],
        "raspuns_corect": 0
    },
    {
        "intrebare": "Ce este un CMS?",
        "optiuni": [
            "Un sistem care permite gestionarea conținutului unui site web fără necesitatea cunoștințelor avansate de programare",
            "Un framework pentru baze de date relaționale",
            "Un limbaj de programare utilizat pentru dezvoltarea backend-ului"
        ],
        "raspuns_corect": 0
    },
    {
        "intrebare": "Ce CMS este cel mai utilizat la nivel global?",
        "optiuni": [
            "WordPress",
            "Drupal",
            "Joomla"
        ],
        "raspuns_corect": 0
    },
    {
        "intrebare": "Care dintre următoarele tehnici este utilizată pentru testarea funcționalității unei aplicații web?",
        "optiuni": [
            "Unit Testing",
            "Load Testing",
            "SEO Testing"
        ],
        "raspuns_corect": 0
    },
    {
        "intrebare": "Ce instrument poate fi folosit pentru testarea performanței unei aplicații web?",
        "optiuni": [
            "Google Lighthouse",
            "MySQL Workbench",
            "WordPress Admin Panel"
        ],
        "raspuns_corect": 0
    },

    {
        "intrebare": "Ce metodă CSS este utilizată pentru a face un element flexibil și ușor de aranjat într-un layout?",
        "optiuni": [
            "display: flex;",
            "float: left;",
            "position: absolute;"
        ],
        "raspuns_corect": 0
    },
    {
        "intrebare": "Cum se importă un fișier LESS într-un alt fișier LESS?",
        "optiuni": [
            "@import 'style.less';",
            "import 'style.less';",
            "load('style.less');"
        ],
        "raspuns_corect": 0
    },
    {
        "intrebare": "Ce face DTD (Document Type Definition) într-un fișier XML?",
        "optiuni": [
            "Definirea structurii și constrângerilor pentru elementele XML",
            "Stocarea datelor în format binar",
            "Criptarea conținutului XML pentru securitate"
        ],
        "raspuns_corect": 0
    },
    {
        "intrebare": "Care dintre următoarele reguli este specifică XHTML?",
        "optiuni": [
            "Toate etichetele trebuie să fie închise corect",
            "Se permit etichete fără închidere, cum ar fi `<‎br‎>`",
            "Atributele pot fi scrise fără ghilimele"
        ],
        "raspuns_corect": 0
    },
    {
        "intrebare": "Ce face metoda `document.querySelectorAll('.cls')` în JavaScript?",
        "optiuni": [
            "Selectează toate elementele cu clasa 'cls'",
            "Returnează primul element care are clasa 'cls'",
            "Șterge toate elementele care au clasa 'cls'"
        ],
        "raspuns_corect": 0
    },
    {
        "intrebare": "Care este diferența între `let`, `const` și `var` în JavaScript?",
        "optiuni": [
            "`let` și `const` au block scope, în timp ce `var` are function scope",
            "`var` este mai rapid decât `let` și `const`",
            "`const` poate fi schimbat după inițializare"
        ],
        "raspuns_corect": 0
    },
    {
        "intrebare": "Ce comandă SQL este utilizată pentru a elimina complet un tabel din baza de date?",
        "optiuni": [
            "DROP TABLE nume_tabel;",
            "DELETE FROM nume_tabel;",
            "REMOVE TABLE nume_tabel;"
        ],
        "raspuns_corect": 0
    },
    {
        "intrebare": "Cum poate fi optimizată o interogare SQL pentru a rula mai rapid?",
        "optiuni": [
            "Utilizând indici (INDEX)",
            "Evitând utilizarea JOIN-urilor",
            "Stocând toate datele într-o singură coloană"
        ],
        "raspuns_corect": 0
    },
    {
        "intrebare": "Cum se declară și apelează o funcție în PHP?",
        "optiuni": [
            "function salut() { echo 'Bună!'; } salut();",
            "define salut() { echo 'Bună!'; }",
            "fn salut() =‎> echo 'Bună!';"
        ],
        "raspuns_corect": 0
    },
    {
        "intrebare": "Care este diferența între `include` și `require` în PHP?",
        "optiuni": [
            "`require` va opri execuția scriptului dacă fișierul nu este găsit, în timp ce `include` va continua execuția",
            "`include` este mai rapid decât `require`",
            "`require` poate include fișiere doar de pe același server"
        ],
        "raspuns_corect": 0
    },
    {
        "intrebare": "Cum se poate preveni SQL Injection într-o aplicație PHP care utilizează MySQL?",
        "optiuni": [
            "Folosind interogări parametrizate (Prepared Statements)",
            "Validând toate inputurile doar cu JavaScript",
            "Folosind doar variabile globale pentru datele primite de la utilizator"
        ],
        "raspuns_corect": 0
    },
    {
        "intrebare": "Ce metodă este utilizată pentru a crea și gestiona sesiuni în PHP?",
        "optiuni": [
            "session_start();",
            "session_create();",
            "init_session();"
        ],
        "raspuns_corect": 0
    },
    {
        "intrebare": "Cum se poate stoca și accesa un cookie în PHP?",
        "optiuni": [
            "setcookie('nume', 'valoare', time() + 3600);",
            "$_COOKIE['nume'] = 'valoare';",
            "storeCookie('nume', 'valoare');"
        ],
        "raspuns_corect": 0
    },
    {
        "intrebare": "Ce reprezintă principiul DRY (Don't Repeat Yourself) în programare?",
        "optiuni": [
            "Evitarea duplicării codului și folosirea funcțiilor reutilizabile",
            "Minimizarea numărului de linii de cod într-un fișier",
            "Evitarea utilizării framework-urilor"
        ],
        "raspuns_corect": 0
    },
    {
        "intrebare": "Cum se poate asigura calitatea unei aplicații web?",
        "optiuni": [
            "Prin efectuarea testelor unitare și de integrare",
            "Prin reducerea numărului de fișiere CSS și JS",
            "Prin utilizarea doar a limbajului PHP pentru backend"
        ],
        "raspuns_corect": 0
    },
    {
        "intrebare": "Care dintre următoarele atacuri sunt prevenite prin validarea inputurilor utilizatorilor?",
        "optiuni": [
            "SQL Injection și Cross-Site Scripting (XSS)",
            "DDoS și Man-in-the-Middle",
            "Brute Force și Clickjacking"
        ],
        "raspuns_corect": 0
    },
    {
        "intrebare": "Care este avantajul utilizării unui CMS?",
        "optiuni": [
            "Permite gestionarea conținutului fără cunoștințe avansate de programare",
            "Îmbunătățește automat viteza serverului",
            "Înlocuiește necesitatea unui backend"
        ],
        "raspuns_corect": 0
    },
    {
        "intrebare": "Ce instrument este utilizat pentru testarea performanței unei aplicații web?",
        "optiuni": [
            "Google Lighthouse",
            "MySQL Workbench",
            "Postman"
        ],
        "raspuns_corect": 0
    },
    {
        "intrebare": "Cum poate fi optimizată viteza de încărcare a unui site web?",
        "optiuni": [
            "Utilizând caching, comprimarea fișierelor CSS/JS și un CDN",
            "Stocând toate fișierele media în baza de date",
            "Folosind doar HTML pentru a evita JavaScript"
        ],
        "raspuns_corect": 0
    },
       {
        "intrebare": "Ce face `@extend` în LESS?",
        "optiuni": [
            "Permite reutilizarea stilurilor unui selector într-un altul",
            "Definește o variabilă globală",
            "Importă un fișier extern CSS"
        ],
        "raspuns_corect": 0
    },
    {
        "intrebare": "Care este diferența principală dintre XML și YAML?",
        "optiuni": [
            "YAML este mai ușor de citit de către oameni și folosește indentare, în timp ce XML este mai strict și folosește etichete",
            "XML este folosit doar pentru baze de date, în timp ce YAML este folosit pentru pagini web",
            "YAML suportă doar date de tip string, în timp ce XML poate stoca orice tip de date"
        ],
        "raspuns_corect": 0
    },
    {
        "intrebare": "Cum poate fi validat un document XHTML strict?",
        "optiuni": [
            "Utilizând un DTD specific și respectând sintaxa XML",
            "Folosind doar validatoare online",
            "Verificând manual fiecare etichetă"
        ],
        "raspuns_corect": 0
    },
    {
        "intrebare": "Ce metodă este utilizată în JavaScript pentru a executa o funcție după un anumit timp?",
        "optiuni": [
            "setTimeout(func, timp);",
            "delayFunction(func, timp);",
            "executeAfter(func, timp);"
        ],
        "raspuns_corect": 0
    },
    {
        "intrebare": "Cum se poate verifica dacă un obiect are o anumită proprietate în JavaScript?",
        "optiuni": [
            "'prop' in obiect",
            "obiect.has('prop')",
            "obiect.includes('prop')"
        ],
        "raspuns_corect": 0
    },
    {
        "intrebare": "Care este diferența dintre SQL tranzacțional și NoSQL?",
        "optiuni": [
            "SQL tranzacțional folosește ACID (Atomicitate, Consistență, Izolare, Durabilitate), în timp ce NoSQL se bazează pe CAP (Consistency, Availability, Partition tolerance)",
            "NoSQL este mai sigur decât SQL",
            "SQL poate stoca doar date numerice"
        ],
        "raspuns_corect": 0
    },
    {
        "intrebare": "Cum poate fi optimizat un query SQL care include un `JOIN` între două tabele mari?",
        "optiuni": [
            "Utilizând indecși pe coloanele implicate în `JOIN`",
            "Evitând folosirea `WHERE`",
            "Utilizând `SELECT *` în loc de `SELECT coloane_specifice`"
        ],
        "raspuns_corect": 0
    },
    {
        "intrebare": "Care este diferența dintre `GROUP BY` și `ORDER BY` în SQL?",
        "optiuni": [
            "`GROUP BY` grupează rândurile cu valori similare, `ORDER BY` doar le sortează",
            "`ORDER BY` elimină duplicatele, `GROUP BY` nu",
            "`GROUP BY` este folosit doar cu `HAVING`"
        ],
        "raspuns_corect": 0
    },
    {
        "intrebare": "Cum se poate verifica dacă un nume de utilizator există deja într-o bază de date MySQL folosind PHP?",
        "optiuni": [
            "Executând `SELECT COUNT(*)` și verificând dacă rezultatul este mai mare decât 0",
            "Executând `INSERT` și capturând o eroare dacă există o coliziune",
            "Utilizând `CHECK IF EXISTS` în PHP"
        ],
        "raspuns_corect": 0
    },
    {
        "intrebare": "Cum poate fi utilizată funcția `array_map()` în PHP?",
        "optiuni": [
            "Pentru a aplica o funcție asupra fiecărui element al unui array",
            "Pentru a combina două array-uri într-unul singur",
            "Pentru a găsi valoarea maximă într-un array"
        ],
        "raspuns_corect": 0
    },
    {
        "intrebare": "Ce face funcția `json_encode()` în PHP?",
        "optiuni": [
            "Transformă un array sau un obiect PHP într-un string JSON",
            "Convertește un string JSON într-un obiect PHP",
            "Criptează un string pentru stocare securizată"
        ],
        "raspuns_corect": 0
    },
    {
        "intrebare": "Care dintre următoarele metode este cea mai sigură pentru autentificare în PHP?",
        "optiuni": [
            "Stocarea parolelor cu `password_hash()` și verificarea cu `password_verify()`",
            "Stocarea parolelor în text simplu în baza de date",
            "Folosirea doar a sesiunilor PHP fără hashing"
        ],
        "raspuns_corect": 0
    },
    {
        "intrebare": "Ce rol are `X-XSS-Protection: 1; mode=block` în antetele HTTP?",
        "optiuni": [
            "Previne atacurile de tip Cross-Site Scripting (XSS)",
            "Blochează cererile HTTP nesigure",
            "Împiedică injectarea de SQL"
        ],
        "raspuns_corect": 0
    },
    {
        "intrebare": "Cum poate fi prevenită atacul de tip `Man-in-the-Middle` (MITM)?",
        "optiuni": [
            "Folosind HTTPS și certificate SSL/TLS",
            "Dezactivând toate scripturile JavaScript",
            "Stocând parolele în cookies"
        ],
        "raspuns_corect": 0
    },
    {
        "intrebare": "Care este diferența dintre un CMS tradițional și un CMS headless?",
        "optiuni": [
            "Un CMS headless oferă conținut printr-un API și nu are un frontend predefinit",
            "Un CMS headless este mai lent decât un CMS tradițional",
            "Un CMS tradițional poate fi utilizat doar pentru bloguri"
        ],
        "raspuns_corect": 0
    },
    {
        "intrebare": "Cum poate fi optimizată o pagină web pentru SEO?",
        "optiuni": [
            "Utilizând meta tag-uri, URL-uri optimizate și conținut relevant",
            "Folosind cât mai multe imagini",
            "Dezactivând caching-ul browserului"
        ],
        "raspuns_corect": 0
    },
    {
        "intrebare": "Ce este Lighthouse în contextul testării web?",
        "optiuni": [
            "Un instrument Google pentru analizarea performanței și accesibilității site-urilor",
            "Un framework PHP pentru testare automată",
            "Un CMS open-source pentru e-commerce"
        ],
        "raspuns_corect": 0
    },
    {
        "intrebare": "Care este avantajul folosirii unui CDN (Content Delivery Network)?",
        "optiuni": [
            "Reduce timpul de încărcare prin livrarea conținutului din locații geografice apropiate utilizatorului",
            "Îmbunătățește securitatea site-ului prin criptarea datelor",
            "Elimină necesitatea unui server dedicat"
        ],
        "raspuns_corect": 0
    },

        {
        "intrebare": "Ce este CSS?",
        "optiuni": [
            "Un limbaj folosit pentru stilizarea paginilor web",
            "Un limbaj de programare server-side",
            "O bază de date pentru stocarea conținutului web"
        ],
        "raspuns_corect": 0
    },
    {
        "intrebare": "Cum se aplică o clasă CSS unui element HTML?",
        "optiuni": [
            "<‎div class='nume-clasa'‎>",
            "<‎div style='nume-clasa'‎>",
            "<‎div css='nume-clasa'‎>"
        ],
        "raspuns_corect": 0
    },
    {
        "intrebare": "Ce reprezintă XML?",
        "optiuni": [
            "Un limbaj de marcare utilizat pentru stocarea și transportul datelor",
            "Un limbaj de programare pentru dezvoltarea web",
            "Un framework CSS pentru pagini web"
        ],
        "raspuns_corect": 0
    },
    {
        "intrebare": "Ce înseamnă XHTML?",
        "optiuni": [
            "O versiune mai strictă a HTML, bazată pe XML",
            "O bază de date non-relațională",
            "Un framework pentru JavaScript"
        ],
        "raspuns_corect": 0
    },
    {
        "intrebare": "Ce rol are JavaScript într-o pagină web?",
        "optiuni": [
            "Adaugă interactivitate și funcționalități dinamice",
            "Definește stilurile unei pagini",
            "Crează structura paginii"
        ],
        "raspuns_corect": 0
    },
    {
        "intrebare": "Cum se declară o variabilă în JavaScript?",
        "optiuni": [
            "let numeVariabila;",
            "var: numeVariabila;",
            "declare numeVariabila;"
        ],
        "raspuns_corect": 0
    },
    {
        "intrebare": "Ce este o bază de date relațională?",
        "optiuni": [
            "O bază de date organizată în tabele conectate prin relații",
            "O bază de date care nu folosește tabele",
            "Un limbaj de interogare a bazelor de date"
        ],
        "raspuns_corect": 0
    },
    {
        "intrebare": "Care este scopul comenzii `SELECT` în SQL?",
        "optiuni": [
            "Selectează date dintr-un tabel",
            "Șterge un tabel",
            "Actualizează un rând într-un tabel"
        ],
        "raspuns_corect": 0
    },
    {
        "intrebare": "Ce este PHP?",
        "optiuni": [
            "Un limbaj de programare server-side pentru dezvoltarea web",
            "Un framework JavaScript",
            "Un sistem de baze de date"
        ],
        "raspuns_corect": 0
    },
    {
        "intrebare": "Cum se definește o funcție în PHP?",
        "optiuni": [
            "function numeFunctie() { }",
            "def numeFunctie() { }",
            "fn numeFunctie() { }"
        ],
        "raspuns_corect": 0
    },
    {
        "intrebare": "Ce este un cookie în PHP?",
        "optiuni": [
            "Un fișier stocat pe computerul utilizatorului pentru a reține informații",
            "O variabilă globală pentru autentificare",
            "Un cod de securitate pentru protejarea site-ului"
        ],
        "raspuns_corect": 0
    },
    {
        "intrebare": "Ce metodă este utilizată pentru a inițializa o sesiune în PHP?",
        "optiuni": [
            "session_start();",
            "session_create();",
            "start_session();"
        ],
        "raspuns_corect": 0
    },
    {
        "intrebare": "Ce este MySQL?",
        "optiuni": [
            "Un sistem de gestionare a bazelor de date relaționale",
            "Un framework PHP",
            "Un limbaj de programare"
        ],
        "raspuns_corect": 0
    },
    {
        "intrebare": "Cum se poate proteja o aplicație web împotriva atacurilor SQL Injection?",
        "optiuni": [
            "Utilizând interogări parametrizate",
            "Stocând parolele în text clar",
            "Permitând utilizatorilor să introducă orice cod SQL"
        ],
        "raspuns_corect": 0
    },
    {
        "intrebare": "Ce este un CMS?",
        "optiuni": [
            "Un sistem care permite gestionarea conținutului unui site web",
            "O platformă pentru baze de date",
            "Un framework pentru PHP"
        ],
        "raspuns_corect": 0
    },
    {
        "intrebare": "Care dintre următoarele este un exemplu de CMS popular?",
        "optiuni": [
            "WordPress",
            "MySQL",
            "Python"
        ],
        "raspuns_corect": 0
    },
    {
        "intrebare": "Cum se poate testa performanța unei aplicații web?",
        "optiuni": [
            "Utilizând Google Lighthouse sau GTmetrix",
            "Deschizând site-ul de mai multe ori",
            "Folosind doar HTML pentru a evita JavaScript"
        ],
        "raspuns_corect": 0
    },
    {
        "intrebare": "Ce este responsive design?",
        "optiuni": [
            "O metodă de dezvoltare web care permite adaptarea paginilor la diferite dimensiuni de ecran",
            "Un sistem de baze de date pentru mobile",
            "O tehnică de protecție împotriva atacurilor XSS"
        ],
        "raspuns_corect": 0
    },
    {
        "intrebare": "Ce este HTTPS și de ce este important?",
        "optiuni": [
            "Un protocol de securitate care criptează datele transmise între utilizator și server",
            "O metodă de accelerare a încărcării paginilor web",
            "Un limbaj de programare pentru dezvoltarea aplicațiilor web"
        ],
        "raspuns_corect": 0
    }
]


