[
    {
        "intrebare": "Ce reprezintă termenul 'Ingineria Programării'?",
        "optiuni": [
            "Un set de principii inginerești aplicate în dezvoltarea software.",
            "Un limbaj de programare folosit pentru dezvoltarea aplicațiilor.",
            "O metodă de testare a codului sursă."
        ],
        "raspuns_corect": 0
    },
    {
        "intrebare": "Care dintre următoarele este un obiectiv al ingineriei software?",
        "optiuni": [
            "Crearea unui software eficient, sigur și ușor de întreținut.",
            "Scrierea de cod cât mai complicat pentru securitate sporită.",
            "Eliminarea completă a bug-urilor înainte de lansare."
        ],
        "raspuns_corect": 0
    },
    {
        "intrebare": "Ce reprezintă UML în contextul ingineriei software?",
        "optiuni": [
            "Unified Modeling Language",
            "Universal Machine Learning",
            "User Management Logic"
        ],
        "raspuns_corect": 0
    },
    {
        "intrebare": "Ce înseamnă API în dezvoltarea software?",
        "optiuni": [
            "Application Programming Interface",
            "Automated Process Integration",
            "Advanced Programming Infrastructure"
        ],
        "raspuns_corect": 0
    },
    {
        "intrebare": "Care dintre următoarele este un avantaj al utilizării metodologiilor Agile?",
        "optiuni": [
            "Livrare rapidă și feedback continuu.",
            "Planificare rigidă și fără schimbări de cerințe.",
            "Necesitatea unei documentații foarte detaliate înainte de dezvoltare."
        ],
        "raspuns_corect": 0
    },
    {
        "intrebare": "Ce reprezintă paradigma orientată pe obiecte în programare?",
        "optiuni": [
            "Un model de programare bazat pe obiecte și clase.",
            "O metodă de gestionare a bazelor de date.",
            "Un stil de programare folosit doar în limbajele funcționale."
        ],
        "raspuns_corect": 0
    },
    {
        "intrebare": "Ce este modelul Waterfall în ingineria software?",
        "optiuni": [
            "Un model de dezvoltare secvențială cu etape bine definite.",
            "Un sistem de versionare a software-ului.",
            "Un framework folosit în testarea automată."
        ],
        "raspuns_corect": 0
    },
    {
        "intrebare": "Care este scopul procesului de validare în dezvoltarea software?",
        "optiuni": [
            "Verificarea dacă produsul software îndeplinește cerințele utilizatorului.",
            "Optimizarea vitezei de execuție a codului sursă.",
            "Reducerea numărului de linii de cod."
        ],
        "raspuns_corect": 0
    },
    {
        "intrebare": "Ce rol are ingineria software în relația dintre client și echipa de dezvoltare?",
        "optiuni": [
            "Acționează ca o punte între cerințele clientului și implementarea tehnică.",
            "Se ocupă exclusiv de programarea interfeței grafice.",
            "Asigură doar documentația proiectului, fără implicare în dezvoltare."
        ],
        "raspuns_corect": 0
    },
    {
        "intrebare": "Ce este un sistem distribuit?",
        "optiuni": [
            "Un sistem software care rulează pe mai multe computere conectate în rețea.",
            "Un singur calculator care procesează mai multe aplicații simultan.",
            "Un software care rulează exclusiv pe servere locale."
        ],
        "raspuns_corect": 0
    },
    {
        "intrebare": "Ce metodă este utilizată pentru estimarea costurilor software?",
        "optiuni": [
            "Modelul COCOMO.",
            "Algoritmul de compresie Huffman.",
            "Metoda Monte Carlo."
        ],
        "raspuns_corect": 0
    },
    {
        "intrebare": "Ce reprezintă conceptul de 'Technical Debt' în dezvoltarea software?",
        "optiuni": [
            "Compromisurile tehnice făcute pentru livrarea rapidă a software-ului.",
            "O metodă de criptare a datelor în aplicații financiare.",
            "Un set de reguli pentru gestionarea licențelor software."
        ],
        "raspuns_corect": 0
    },
    {
        "intrebare": "Care dintre următoarele este o eroare software celebră?",
        "optiuni": [
            "Eșecul rachetei Ariane 5 din cauza unei erori software.",
            "Blocarea Windows din cauza unei probleme hardware.",
            "Exploatarea Meltdown din cauza unei defecțiuni a tastaturii."
        ],
        "raspuns_corect": 0
    },
    {
        "intrebare": "De ce este importantă ingineria software pentru proiectele mari?",
        "optiuni": [
            "Asigură structura și organizarea necesară pentru succesul proiectului.",
            "Permite echipei să scrie cod fără să țină cont de cerințele clientului.",
            "Se concentrează doar pe estetica interfeței utilizatorului."
        ],
        "raspuns_corect": 0
    },
    {
        "intrebare": "Ce eveniment din 1968 a dus la apariția termenului 'Ingineria Programării'?",
        "optiuni": [
            "O conferință organizată de comitetul științific al NATO.",
            "Lansarea primului limbaj de programare de nivel înalt.",
            "Publicarea primului standard internațional pentru software."
        ],
        "raspuns_corect": 0
    },
    {
        "intrebare": "Care dintre următoarele concepte NU face parte din ingineria programării?",
        "optiuni": [
            "Proiectarea clădirilor.",
            "Modele de dezvoltare software.",
            "Gestionarea erorilor în programare."
        ],
        "raspuns_corect": 0
    },
    {
        "intrebare": "Ce greșeală comună în FORTRAN a dus la pierderea unui vehicul de explorare a planetei Venus?",
        "optiuni": [
            "Utilizarea unui punct în loc de virgulă în instrucțiunea 'DO'.",
            "Nerespectarea dimensiunii maxime a variabilelor.",
            "O eroare în interpretarea etichetelor de salt."
        ],
        "raspuns_corect": 0
    },
    {
        "intrebare": "Ce problemă a cauzat explozia rachetei Ariane 5 în 1996?",
        "optiuni": [
            "Conversia incorectă a unui număr întreg într-un număr în virgulă mobilă.",
            "O eroare hardware în sistemul de propulsie.",
            "O defecțiune a senzorilor atmosferici."
        ],
        "raspuns_corect": 0
    },
    {
        "intrebare": "Ce înseamnă acronimul POSIX în domeniul software?",
        "optiuni": [
            "Portable Operating System Interface.",
            "Programming Object Syntax Index.",
            "Parallel Operating System for Internet Exchange."
        ],
        "raspuns_corect": 0
    },
    {
        "intrebare": "Care este diferența fundamentală dintre ingineria software și ingineria sistemelor?",
        "optiuni": [
            "Ingineria sistemelor include atât hardware, cât și software.",
            "Ingineria software se ocupă strict de dezvoltarea aplicațiilor web.",
            "Ingineria software nu implică utilizarea metodologiilor inginerești."
        ],
        "raspuns_corect": 0
    },
    {
        "intrebare": "Ce rol a avut Margaret Hamilton în cadrul misiunii Apollo 11?",
        "optiuni": [
            "A fost director de inginerie software la MIT și a contribuit la dezvoltarea software-ului misiunii.",
            "A fost astronaut și a condus echipa care a efectuat aselenizarea.",
            "A fost responsabilă de proiectarea hardware a computerului de bord."
        ],
        "raspuns_corect": 0
    },
    {
        "intrebare": "De ce costurile software sunt, de obicei, mai mari decât costurile hardware?",
        "optiuni": [
            "Întreținerea și actualizarea software-ului necesită muncă continuă și resurse suplimentare.",
            "Hardware-ul devine mai scump pe măsură ce avansează tehnologia.",
            "Software-ul necesită mai multe componente fizice pentru a funcționa corect."
        ],
        "raspuns_corect": 0
    },
    {
        "intrebare": "Ce s-a întâmplat în cazul eMAG de Black Friday 2014 din cauza unei erori software?",
        "optiuni": [
            "Prețurile unor produse au fost reduse accidental cu 99%, ajungând la 1 leu.",
            "Toate comenzile efectuate au fost anulate automat de sistem.",
            "Site-ul a fost atacat cibernetic, iar datele utilizatorilor au fost expuse."
        ],
        "raspuns_corect": 0
    },
    {
        "intrebare": "Care este primul pas în procesul de inginerie software?",
        "optiuni": [
            "Analiza cerințelor și specificațiile inițiale.",
            "Scrierea codului sursă.",
            "Testarea finală a aplicației."
        ],
        "raspuns_corect": 0
    },
    {
        "intrebare": "Ce presupune principiul 'First Law of Software Engineering'?",
        "optiuni": [
            "Un inginer software trebuie să înțeleagă domeniul problemei înainte de a încerca să o rezolve.",
            "Scrierea codului trebuie să fie întotdeauna prioritară înainte de planificare.",
            "Documentația software nu este necesară în majoritatea proiectelor."
        ],
        "raspuns_corect": 0
    },
    {
        "intrebare": "Care este principala diferență dintre un programator și un inginer software?",
        "optiuni": [
            "Un inginer software se ocupă de întregul ciclu de viață al software-ului, nu doar de scrierea codului.",
            "Programatorii sunt responsabili doar de managementul echipei de dezvoltare.",
            "Inginerii software nu sunt implicați în faza de testare a produsului."
        ],
        "raspuns_corect": 0
    },
    {
        "intrebare": "Ce tip de probleme poate apărea dacă nu se respectă principiile ingineriei software?",
        "optiuni": [
            "Bug-uri critice, costuri ridicate de întreținere și eșecuri software.",
            "Creșterea vitezei de execuție și reducerea costurilor.",
            "Eliminarea completă a nevoii de actualizări software."
        ],
        "raspuns_corect": 0
    },
    {
        "intrebare": "Ce lecție importantă s-a învățat din eșecurile sistemelor software din trecut?",
        "optiuni": [
            "Necesitatea testării riguroase și a verificării continue a software-ului.",
            "Reducerea numărului de dezvoltatori pentru a evita erorile.",
            "Eliminarea totală a proceselor de validare pentru a accelera lansările."
        ],
        "raspuns_corect": 0
    },

    {
        "intrebare": "Ce reprezintă interfața utilizator?",
        "optiuni": [
            "Punctul de interacțiune dintre utilizator și sistemul informatic.",
            "Un dispozitiv hardware folosit pentru programare.",
            "Un tip de rețea utilizată pentru comunicații între computere."
        ],
        "raspuns_corect": 0
    },
    {
        "intrebare": "Care sunt principalele tipuri de interfețe utilizator?",
        "optiuni": [
            "GUI, VUI, Gesture-based, Zero UI.",
            "Only Text-based UI.",
            "Web UI și Desktop UI."
        ],
        "raspuns_corect": 0
    },
    {
        "intrebare": "Ce caracteristici trebuie să aibă o interfață utilizator eficientă?",
        "optiuni": [
            "Să fie atractivă, clară, rapidă și coerentă pe toate dispozitivele.",
            "Să aibă cât mai multe funcții și elemente grafice.",
            "Să permită utilizatorilor doar interacțiuni textuale."
        ],
        "raspuns_corect": 0
    },
    {
        "intrebare": "Ce înseamnă GUI?",
        "optiuni": [
            "Graphical User Interface.",
            "General User Integration.",
            "Global Usage Index."
        ],
        "raspuns_corect": 0
    },
    {
        "intrebare": "Ce este o interfață bazată pe gesturi?",
        "optiuni": [
            "O interfață care permite controlul prin mișcările mâinilor sau ale corpului.",
            "O interfață care funcționează doar cu tastatura.",
            "Un tip de meniu utilizat în aplicațiile mobile."
        ],
        "raspuns_corect": 0
    },
    {
        "intrebare": "Ce este interfața utilizator pentru dispozitive mobile?",
        "optiuni": [
            "O interfață adaptată pentru ecrane tactile și dimensiuni mai mici.",
            "Un software de gestionare a aplicațiilor mobile.",
            "Un mod de control bazat pe comenzi vocale exclusiv."
        ],
        "raspuns_corect": 0
    },
    {
        "intrebare": "Ce înseamnă HCI (Human-Computer Interaction)?",
        "optiuni": [
            "Studiul interacțiunii dintre oameni și computere pentru a îmbunătăți experiența utilizatorilor.",
            "Un tip de limbaj de programare utilizat pentru crearea interfețelor.",
            "Un protocol de comunicație între calculatoare."
        ],
        "raspuns_corect": 0
    },
    {
        "intrebare": "Ce provocare majoră întâmpină designerii de interfețe utilizator?",
        "optiuni": [
            "Înțelegerea nevoilor și comportamentului utilizatorilor.",
            "Asigurarea compatibilității hardware între dispozitive.",
            "Scrierea codului HTML pentru fiecare aplicație."
        ],
        "raspuns_corect": 0
    },
    {
        "intrebare": "Ce este Zero UI?",
        "optiuni": [
            "Un concept care elimină necesitatea unei interfețe vizibile, bazându-se pe AI, voce și gesturi.",
            "O metodă de testare a interfețelor grafice.",
            "O interfață care se bazează doar pe interacțiuni textuale."
        ],
        "raspuns_corect": 0
    },
    {
        "intrebare": "Ce reprezintă paradigma WIMP?",
        "optiuni": [
            "Windows, Icons, Menus, Pointer - elemente de bază ale GUI.",
            "Wireless Integrated Mobile Protocol - un standard de rețea.",
            "Workflow Integrated Management Process - un model de lucru colaborativ."
        ],
        "raspuns_corect": 0
    },
    {
        "intrebare": "Care dintre următoarele NU este o caracteristică a unei interfețe utilizator bine proiectate?",
        "optiuni": [
            "Necesitatea de explicații complexe pentru utilizare.",
            "Claritate și ușurință în utilizare.",
            "Coerență pe toate dispozitivele."
        ],
        "raspuns_corect": 0
    },
    {
        "intrebare": "Care sunt principalele stiluri de interacțiune om-calculator?",
        "optiuni": [
            "Limbaje de comandă, formulare interactive, meniuri, manipulare directă, limbaj natural.",
            "Doar tastatura și mouse-ul.",
            "Exclusiv comenzi vocale și gesturi."
        ],
        "raspuns_corect": 0
    },
    {
        "intrebare": "Ce rol are timpul de răspuns într-o interfață utilizator?",
        "optiuni": [
            "Determină cât de rapid reacționează sistemul la comenzile utilizatorului.",
            "Reprezintă perioada de testare a unei aplicații UI.",
            "Este un indicator al consumului de memorie al aplicației."
        ],
        "raspuns_corect": 0
    },
    {
        "intrebare": "Care este rolul mesajelor de eroare într-o interfață utilizator?",
        "optiuni": [
            "Explică clar problema și oferă soluții pentru utilizator.",
            "Blochează accesul utilizatorului pentru a evita problemele.",
            "Sunt utilizate doar în sistemele de operare."
        ],
        "raspuns_corect": 0
    }
]
